Measurement,Filename,Mode,Date_DDMMYY,SensorID,Channel,SensorLocation_m,SetAmplitude_V,SetFrequency_Hz,MeasuredFrequency_FFT_Hz,MeasuredAmplitude_m,UncertaintyAmplitude_m,UncertaintyFrequency_Hz,Cam_Amplitude_PT_m,Cam_Uncertainty_PT_m,Cam_Amplitude_Envelope_m,Cam_Uncertainty_Envelope_m,Cam_DriftRatio,ReferenceAmplitude_m,NormalisedAmplitude,Final_amp_error_m,Final_freq_error_Hz
Acoustic_Sensor,raw_data_HIGH_Sensor1_x1m_130526_a0p416_f1p67.csv,HIGH,130526,5,1,7.8,0.416,1.67,1.67141663273834,0.000318934745269414,6.70642928788076e-06,0.00714280612281341,NaN,NaN,NaN,NaN,NaN,0.00104874290264806,0.304111469516607,0.000711785603850928,0.0150292464797731
Acoustic_Sensor,raw_data_HIGH_Sensor1_x1m_130526_a0p71_f1p67.csv,HIGH,130526,5,1,7.8,0.71,1.67,1.66427382661552,0.000594040034969684,4.7926184425795e-05,0.00714280612281341,NaN,NaN,NaN,NaN,NaN,0.00190753952831962,0.311416893936129,0.000711785603850928,0.0150292464797731
Acoustic_Sensor,raw_data_HIGH_Sensor1_x1m_130526_a10_f0p71.csv,HIGH,130526,5,1,7.8,10,0.71,0.714280612281341,0.00416272952443224,1.47388803534615e-05,0.00714280612281341,NaN,NaN,NaN,NaN,NaN,NaN,NaN,0.000711785603850928,0.0150292464797731
Acoustic_Sensor,raw_data_HIGH_Sensor1_x1m_130526_a10_f1p67.csv,HIGH,130526,5,1,7.8,10,1.67,1.66427382661552,0.0146048398324989,0.000155838556448804,0.00714280612281341,NaN,NaN,NaN,NaN,NaN,NaN,NaN,0.000711785603850928,0.0150292464797731
Acoustic_Sensor,raw_data_HIGH_Sensor1_x1m_130526_a1p006_f1p67.csv,HIGH,130526,5,1,7.8,1.006,1.67,1.66427382661552,0.000948331991383614,1.85463941661077e-05,0.00714280612281341,NaN,NaN,NaN,NaN,NaN,0.00321778418712779,0.294715846754813,0.000711785603850928,0.0150292464797731
Acoustic_Sensor,raw_data_HIGH_Sensor1_x1m_130526_a1p04_f1p25.csv,HIGH,130526,5,1,7.8,1.04,1.25,1.24999107149235,0.00452065197854645,9.49752258138776e-06,0.00714280612281341,NaN,NaN,NaN,NaN,NaN,0.000735005087489341,6.15050433730774,0.000711785603850928,0.0150292464797731
Acoustic_Sensor,raw_data_HIGH_Sensor1_x1m_130526_a1p3_f1p67.csv,HIGH,130526,5,1,7.8,1.3,1.67,1.67141663273834,0.00142400983901369,1.22285836595612e-05,0.00714280612281341,NaN,NaN,NaN,NaN,NaN,0.00365892777186888,0.38918774236594,0.000711785603850928,0.0150292464797731
Acoustic_Sensor,raw_data_HIGH_Sensor1_x1m_130526_a1p55_f1p25.csv,HIGH,130526,5,1,7.8,1.55,1.25,1.24999107149235,0.00723422322470047,3.69590212141811e-05,0.00714280612281341,NaN,NaN,NaN,NaN,NaN,0.00134273189634076,5.38769001050419,0.000711785603850928,0.0150292464797731
Acoustic_Sensor,raw_data_HIGH_Sensor1_x1m_130526_a1p59_f1p67.csv,HIGH,130526,5,1,7.8,1.59,1.67,1.66427382661552,0.00269334726458939,1.88478847611298e-05,0.00714280612281341,NaN,NaN,NaN,NaN,NaN,0.00510170408702193,0.527930906741712,0.000711785603850928,0.0150292464797731
Acoustic_Sensor,raw_data_HIGH_Sensor1_x1m_130526_a1p69_f1.csv,HIGH,130526,5,1,7.8,1.69,1,0.999992857193877,0.00208062962403695,7.25386245741708e-06,0.00714280612281341,NaN,NaN,NaN,NaN,NaN,0.00348855821657256,0.596415336901308,0.000711785603850928,0.0150292464797731
Acoustic_Sensor,raw_data_HIGH_Sensor1_x1m_130526_a1p89_f1p67.csv,HIGH,130526,5,1,7.8,1.89,1.67,1.67141663273834,0.0030710579229532,1.33990029189704e-05,0.00714280612281341,NaN,NaN,NaN,NaN,NaN,0.0054692227535623,0.561516336293472,0.000711785603850928,0.0150292464797731
Acoustic_Sensor,raw_data_HIGH_Sensor1_x1m_130526_a2p06_f1p25.csv,HIGH,130526,5,1,7.8,2.06,1.25,1.24999107149235,0.00923462341627609,5.65442500257926e-05,0.00714280612281341,NaN,NaN,NaN,NaN,NaN,0.00193876220423703,4.76315424145079,0.000711785603850928,0.0150292464797731
Acoustic_Sensor,raw_data_HIGH_Sensor1_x1m_130526_a2p32_f0p83.csv,HIGH,130526,5,1,7.8,2.32,0.83,0.828565510246355,0.000655066296262978,2.23624956347939e-06,0.00714280612281341,NaN,NaN,NaN,NaN,NaN,0.00281169273652337,0.232979332255544,0.000711785603850928,0.0150292464797731
Acoustic_Sensor,raw_data_HIGH_Sensor1_x1m_130526_a2p42_f1.csv,HIGH,130526,5,1,7.8,2.42,1,0.999992857193877,0.00335045690679198,5.47873829768963e-05,0.00714280612281341,NaN,NaN,NaN,NaN,NaN,0.00496460273449517,0.674869085397761,0.000711785603850928,0.0150292464797731
Acoustic_Sensor,raw_data_HIGH_Sensor1_x1m_130526_a2p56_f1p25.csv,HIGH,130526,5,1,7.8,2.56,1.25,1.24999107149235,0.00726929887616348,5.31663761397064e-05,0.00714280612281341,NaN,NaN,NaN,NaN,NaN,0.00266582144718686,2.72685137402375,0.000711785603850928,0.0150292464797731
Acoustic_Sensor,raw_data_HIGH_Sensor1_x1m_130526_a2p93_f0p71.csv,HIGH,130526,5,1,7.8,2.93,0.71,0.707137806158527,0.00171473553024357,4.53342006650078e-06,0.00714280612281341,NaN,NaN,NaN,NaN,NaN,0.00367417200649008,0.466699851616812,0.000711785603850928,0.0150292464797731
Acoustic_Sensor,raw_data_HIGH_Sensor1_x1m_130526_a3p07_f1p25.csv,HIGH,130526,5,1,7.8,3.07,1.25,1.24999107149235,0.0105299979273332,5.38799176936717e-05,0.00714280612281341,NaN,NaN,NaN,NaN,NaN,0.00349121283094568,3.01614322506971,0.000711785603850928,0.0150292464797731
Acoustic_Sensor,raw_data_HIGH_Sensor1_x1m_130526_a3p14_f1.csv,HIGH,130526,5,1,7.8,3.14,1,0.999992857193877,0.00396219685360864,0.000114625424881308,0.00714280612281341,NaN,NaN,NaN,NaN,NaN,0.00644666333279793,0.61461203246812,0.000711785603850928,0.0150292464797731
Acoustic_Sensor,raw_data_HIGH_Sensor1_x1m_130526_a3p25_f0p83.csv,HIGH,130526,5,1,7.8,3.25,0.83,0.828565510246355,0.00104723689945663,1.25693373486686e-05,0.00714280612281341,NaN,NaN,NaN,NaN,NaN,0.00391497332012099,0.267495283831019,0.000711785603850928,0.0150292464797731
Acoustic_Sensor,raw_data_HIGH_Sensor1_x1m_130526_a3p57_f1p25.csv,HIGH,130526,5,1,7.8,3.57,1.25,1.24999107149235,0.0132156106870011,0.000111321124460785,0.00714280612281341,NaN,NaN,NaN,NaN,NaN,0.00437600517336554,3.02001715341599,0.000711785603850928,0.0150292464797731
Acoustic_Sensor,raw_data_HIGH_Sensor1_x1m_130526_a3p86_f1.csv,HIGH,130526,5,1,7.8,3.86,1,0.999992857193877,0.00681227569195862,2.00260560789464e-05,0.00714280612281341,NaN,NaN,NaN,NaN,NaN,0.00790939248531899,0.861289372679788,0.000711785603850928,0.0150292464797731
Acoustic_Sensor,raw_data_HIGH_Sensor1_x1m_130526_a4p06_f0p71.csv,HIGH,130526,5,1,7.8,4.06,0.71,0.707137806158527,0.00252285279086118,7.50283471421525e-06,0.00714280612281341,NaN,NaN,NaN,NaN,NaN,0.00513801560616576,0.491016957565035,0.000711785603850928,0.0150292464797731
Acoustic_Sensor,raw_data_HIGH_Sensor1_x1m_130526_a4p19_f0p83.csv,HIGH,130526,5,1,7.8,4.19,0.83,0.835708316369169,0.00373271483796523,1.53466885720813e-05,0.00714280612281341,NaN,NaN,NaN,NaN,NaN,0.00403686989583045,0.924655719477268,0.000711785603850928,0.0150292464797731
Acoustic_Sensor,raw_data_HIGH_Sensor1_x1m_130526_a4p58_f1.csv,HIGH,130526,5,1,7.8,4.58,1,0.999992857193877,0.00679509580742157,3.56152358391166e-05,0.00714280612281341,NaN,NaN,NaN,NaN,NaN,0.00938993639483463,0.723657277503981,0.000711785603850928,0.0150292464797731
Acoustic_Sensor,raw_data_HIGH_Sensor1_x1m_130526_a5p11_f0p83.csv,HIGH,130526,5,1,7.8,5.11,0.83,0.828565510246355,0.0065434495923431,1.78804647031282e-05,0.00714280612281341,NaN,NaN,NaN,NaN,NaN,0.0060061225462152,1.08946321724096,0.000711785603850928,0.0150292464797731
Acoustic_Sensor,raw_data_HIGH_Sensor1_x1m_130526_a5p2_f0p71.csv,HIGH,130526,5,1,7.8,5.2,0.71,0.707137806158527,0.00743757229638906,8.61812271936011e-05,0.00714280612281341,NaN,NaN,NaN,NaN,NaN,0.00661198687956564,1.12486192605356,0.000711785603850928,0.0150292464797731
Acoustic_Sensor,raw_data_HIGH_Sensor1_x1m_130526_a5p3_f1.csv,HIGH,130526,5,1,7.8,5.3,1,0.999992857193877,0.0100913727171094,0.000161409192365686,0.00714280612281341,NaN,NaN,NaN,NaN,NaN,0.0108430433410307,0.930677153979736,0.000711785603850928,0.0150292464797731
Acoustic_Sensor,raw_data_HIGH_Sensor1_x1m_130526_a6p05_f0p83.csv,HIGH,130526,5,1,7.8,6.05,0.83,0.835708316369169,0.00808399909339105,2.64516632061454e-05,0.00714280612281341,NaN,NaN,NaN,NaN,NaN,0.00586211774802251,1.37902366360997,0.000711785603850928,0.0150292464797731
Acoustic_Sensor,raw_data_HIGH_Sensor1_x1m_130526_a6p3_f0p71.csv,HIGH,130526,5,1,7.8,6.3,0.71,0.707137806158527,0.0063212654059166,1.53163199347967e-05,0.00714280612281341,NaN,NaN,NaN,NaN,NaN,0.00800811726519076,0.789357247975567,0.000711785603850928,0.0150292464797731
Acoustic_Sensor,raw_data_HIGH_Sensor1_x1m_130526_a6p98_f0p83.csv,HIGH,130526,5,1,7.8,6.98,0.83,0.828565510246355,0.00698034530086063,1.71085702553898e-05,0.00714280612281341,NaN,NaN,NaN,NaN,NaN,0.00818177115181586,0.853158218598111,0.000711785603850928,0.0150292464797731
Acoustic_Sensor,raw_data_HIGH_Sensor1_x1m_130526_a7p46_f0p71.csv,HIGH,130526,5,1,7.8,7.46,0.71,0.714280612281341,0.00459942996088046,1.9912988952741e-05,0.00714280612281341,NaN,NaN,NaN,NaN,NaN,0.0143515253924697,0.320483700171258,0.000711785603850928,0.0150292464797731
Acoustic_Sensor,raw_data_HIGH_Sensor1_x1m_130526_a8p59_f0p71.csv,HIGH,130526,5,1,7.8,8.59,0.71,0.707137806158527,0.00294935881062864,1.74707193382754e-05,0.00714280612281341,NaN,NaN,NaN,NaN,NaN,0.0106167351702759,0.277802805036155,0.000711785603850928,0.0150292464797731
Acoustic_Sensor,raw_data_HIGH_Sensor2_x3m_130526_a0p416_f1p67.csv,HIGH,130526,2,2,3,0.416,1.67,1.6499882143699,0.000107368269472755,6.61725742726318e-06,0.00714280612281341,NaN,NaN,NaN,NaN,NaN,0.00135824299128484,0.0790493822988101,0.000711785603850928,0.0150292464797731
Acoustic_Sensor,raw_data_HIGH_Sensor2_x3m_130526_a0p71_f1p67.csv,HIGH,130526,2,2,3,0.71,1.67,1.67141663273834,0.000118425351984732,4.73679366077022e-06,0.00714280612281341,NaN,NaN,NaN,NaN,NaN,0.00238912638672816,0.0495684751725974,0.000711785603850928,0.0150292464797731
Acoustic_Sensor,raw_data_HIGH_Sensor2_x3m_130526_a10_f0p71.csv,HIGH,130526,2,2,3,10,0.71,0.714280612281341,0.00436114332691781,2.72388903434794e-05,0.00714280612281341,NaN,NaN,NaN,NaN,NaN,NaN,NaN,0.000711785603850928,0.0150292464797731
Acoustic_Sensor,raw_data_HIGH_Sensor2_x3m_130526_a10_f1p67.csv,HIGH,130526,2,2,3,10,1.67,1.66427382661552,0.00183252346630098,8.26820010537937e-05,0.00714280612281341,NaN,NaN,NaN,NaN,NaN,NaN,NaN,0.000711785603850928,0.0150292464797731
Acoustic_Sensor,raw_data_HIGH_Sensor2_x3m_130526_a1p006_f1p67.csv,HIGH,130526,2,2,3,1.006,1.67,1.67141663273834,0.000156924837269004,7.31710558381867e-06,0.00714280612281341,NaN,NaN,NaN,NaN,NaN,0.00381246401192932,0.0411610015931904,0.000711785603850928,0.0150292464797731
Acoustic_Sensor,raw_data_HIGH_Sensor2_x3m_130526_a1p04_f1p25.csv,HIGH,130526,2,2,3,1.04,1.25,1.25713387761516,6.81893618453727e-05,6.78397526614505e-06,0.00714280612281341,NaN,NaN,NaN,NaN,NaN,0.00101834857606119,0.066960727837533,0.000711785603850928,0.0150292464797731
Acoustic_Sensor,raw_data_HIGH_Sensor2_x3m_130526_a1p3_f1p67.csv,HIGH,130526,2,2,3,1.3,1.67,1.57856015314176,4.13408318238583e-05,1.91362310251734e-06,0.00714280612281341,NaN,NaN,NaN,NaN,NaN,0.00453322725922955,0.00911951452239447,0.000711785603850928,0.0150292464797731
Acoustic_Sensor,raw_data_HIGH_Sensor2_x3m_130526_a1p55_f1p25.csv,HIGH,130526,2,2,3,1.55,1.25,1.24999107149235,0.000219299588321076,1.42248240096187e-05,0.00714280612281341,NaN,NaN,NaN,NaN,NaN,0.00159807722133529,0.137227153602651,0.000711785603850928,0.0150292464797731
Acoustic_Sensor,raw_data_HIGH_Sensor2_x3m_130526_a1p59_f1p67.csv,HIGH,130526,2,2,3,1.59,1.67,1.66427382661552,0.000229048295095589,9.54433090118105e-06,0.00714280612281341,NaN,NaN,NaN,NaN,NaN,0.00591657288719187,0.0387130015065699,0.000711785603850928,0.0150292464797731
Acoustic_Sensor,raw_data_HIGH_Sensor2_x3m_130526_a1p69_f1.csv,HIGH,130526,2,2,3,1.69,1,0.999992857193877,0.000196081326404957,1.64207165454886e-05,0.00714280612281341,NaN,NaN,NaN,NaN,NaN,0.00273078872849863,0.0718039167067901,0.000711785603850928,0.0150292464797731
Acoustic_Sensor,raw_data_HIGH_Sensor2_x3m_130526_a1p89_f1p67.csv,HIGH,130526,2,2,3,1.89,1.67,1.67141663273834,0.000246094275718328,9.22520524756874e-06,0.00714280612281341,NaN,NaN,NaN,NaN,NaN,0.00657995613241424,0.0374005951963747,0.000711785603850928,0.0150292464797731
Acoustic_Sensor,raw_data_HIGH_Sensor2_x3m_130526_a2p06_f1p25.csv,HIGH,130526,2,2,3,2.06,1.25,1.24999107149235,0.000243057459468899,1.2379919642513e-05,0.00714280612281341,NaN,NaN,NaN,NaN,NaN,0.00226506313858566,0.107307145363139,0.000711785603850928,0.0150292464797731
Acoustic_Sensor,raw_data_HIGH_Sensor2_x3m_130526_a2p32_f0p83.csv,HIGH,130526,2,2,3,2.32,0.83,0.828565510246355,0.0001508914583754,4.29999187212566e-06,0.00714280612281341,NaN,NaN,NaN,NaN,NaN,0.00328947110065299,0.0458710393733043,0.000711785603850928,0.0150292464797731
Acoustic_Sensor,raw_data_HIGH_Sensor2_x3m_130526_a2p42_f1.csv,HIGH,130526,2,2,3,2.42,1,0.999992857193877,0.000271033703475425,5.09543094240182e-06,0.00714280612281341,NaN,NaN,NaN,NaN,NaN,0.00393438848917032,0.0688883937672817,0.000711785603850928,0.0150292464797731
Acoustic_Sensor,raw_data_HIGH_Sensor2_x3m_130526_a2p56_f1p25.csv,HIGH,130526,2,2,3,2.56,1.25,1.25713387761516,0.000685665332400864,3.80126859075234e-05,0.00714280612281341,NaN,NaN,NaN,NaN,NaN,0.00298848512077096,0.229435752460423,0.000711785603850928,0.0150292464797731
Acoustic_Sensor,raw_data_HIGH_Sensor2_x3m_130526_a2p93_f0p71.csv,HIGH,130526,2,2,3,2.93,0.71,0.707137806158527,0.000251066435670351,2.77266477370691e-06,0.00714280612281341,NaN,NaN,NaN,NaN,NaN,0.00454587127375802,0.05522955238959,0.000711785603850928,0.0150292464797731
Acoustic_Sensor,raw_data_HIGH_Sensor2_x3m_130526_a3p07_f1p25.csv,HIGH,130526,2,2,3,3.07,1.25,1.24999107149235,0.000651064423834046,3.85706142867552e-05,0.00714280612281341,NaN,NaN,NaN,NaN,NaN,0.00378251862558983,0.172124578430205,0.000711785603850928,0.0150292464797731
Acoustic_Sensor,raw_data_HIGH_Sensor2_x3m_130526_a3p14_f1.csv,HIGH,130526,2,2,3,3.14,1,0.999992857193877,0.000775998797596736,2.68078910899602e-05,0.00714280612281341,NaN,NaN,NaN,NaN,NaN,0.00515972721327789,0.150395314620471,0.000711785603850928,0.0150292464797731
Acoustic_Sensor,raw_data_HIGH_Sensor2_x3m_130526_a3p25_f0p83.csv,HIGH,130526,2,2,3,3.25,0.83,0.828565510246355,0.000294846972631379,8.03962279963905e-06,0.00714280612281341,NaN,NaN,NaN,NaN,NaN,0.00462525925587112,0.0637471234195385,0.000711785603850928,0.0150292464797731
Acoustic_Sensor,raw_data_HIGH_Sensor2_x3m_130526_a3p57_f1p25.csv,HIGH,130526,2,2,3,3.57,1.25,1.24999107149235,0.00101042847892654,4.45197267795693e-05,0.00714280612281341,NaN,NaN,NaN,NaN,NaN,0.00463454677346536,0.218020990684925,0.000711785603850928,0.0150292464797731
Acoustic_Sensor,raw_data_HIGH_Sensor2_x3m_130526_a3p86_f1.csv,HIGH,130526,2,2,3,3.86,1,0.999992857193877,0.00167525845906665,9.92229680948643e-05,0.00714280612281341,NaN,NaN,NaN,NaN,NaN,0.0063749426746364,0.262788003683845,0.000711785603850928,0.0150292464797731
Acoustic_Sensor,raw_data_HIGH_Sensor2_x3m_130526_a4p06_f0p71.csv,HIGH,130526,2,2,3,4.06,0.71,0.707137806158527,0.000446337672146323,5.01610872855294e-06,0.00714280612281341,NaN,NaN,NaN,NaN,NaN,0.00633979632666999,0.0704025254358233,0.000711785603850928,0.0150292464797731
Acoustic_Sensor,raw_data_HIGH_Sensor2_x3m_130526_a4p19_f0p83.csv,HIGH,130526,2,2,3,4.19,0.83,0.835708316369169,0.000723303090129324,1.34157030969525e-05,0.00714280612281341,NaN,NaN,NaN,NaN,NaN,0.00562288808938984,0.128635512325804,0.000711785603850928,0.0150292464797731
Acoustic_Sensor,raw_data_HIGH_Sensor2_x3m_130526_a4p58_f1.csv,HIGH,130526,2,2,3,4.58,1,0.999992857193877,0.00178639733346513,1.39601383797182e-05,0.00714280612281341,NaN,NaN,NaN,NaN,NaN,0.007608816216488,0.234779929313324,0.000711785603850928,0.0150292464797731
Acoustic_Sensor,raw_data_HIGH_Sensor2_x3m_130526_a5p11_f0p83.csv,HIGH,130526,2,2,3,5.11,0.83,0.828565510246355,0.00138462600031792,1.92788961912223e-05,0.00714280612281341,NaN,NaN,NaN,NaN,NaN,0.00724558410420636,0.191099293087232,0.000711785603850928,0.0150292464797731
Acoustic_Sensor,raw_data_HIGH_Sensor2_x3m_130526_a5p2_f0p71.csv,HIGH,130526,2,2,3,5.2,0.71,0.714280612281341,0.00210843067394331,8.40677130675307e-05,0.00714280612281341,NaN,NaN,NaN,NaN,NaN,0.00811929212687467,0.259681588123237,0.000711785603850928,0.0150292464797731
Acoustic_Sensor,raw_data_HIGH_Sensor2_x3m_130526_a5p3_f1.csv,HIGH,130526,2,2,3,5.3,1,0.999992857193877,0.00229810396262864,3.76733564466377e-05,0.00714280612281341,NaN,NaN,NaN,NaN,NaN,0.00881081772138175,0.260827545785187,0.000711785603850928,0.0150292464797731
Acoustic_Sensor,raw_data_HIGH_Sensor2_x3m_130526_a6p05_f0p83.csv,HIGH,130526,2,2,3,6.05,0.83,0.835708316369169,0.0013405207989778,5.0134271492186e-05,0.00714280612281341,NaN,NaN,NaN,NaN,NaN,0.00818284565225903,0.163820858408556,0.000711785603850928,0.0150292464797731
Acoustic_Sensor,raw_data_HIGH_Sensor2_x3m_130526_a6p3_f0p71.csv,HIGH,130526,2,2,3,6.3,0.71,0.707137806158527,0.00223183467718266,5.08684093322854e-05,0.00714280612281341,NaN,NaN,NaN,NaN,NaN,0.00984490764156347,0.2266994022128,0.000711785603850928,0.0150292464797731
Acoustic_Sensor,raw_data_HIGH_Sensor2_x3m_130526_a6p98_f0p83.csv,HIGH,130526,2,2,3,6.98,0.83,0.828565510246355,0.00112405134725871,6.18204550956916e-05,0.00714280612281341,NaN,NaN,NaN,NaN,NaN,0.0098989773996233,0.113552269277985,0.000711785603850928,0.0150292464797731
Acoustic_Sensor,raw_data_HIGH_Sensor2_x3m_130526_a7p46_f0p71.csv,HIGH,130526,2,2,3,7.46,0.71,0.714280612281341,0.00284369734710278,1.61397347168827e-05,0.00714280612281341,NaN,NaN,NaN,NaN,NaN,0.0155065437169283,0.183386923547531,0.000711785603850928,0.0150292464797731
Acoustic_Sensor,raw_data_HIGH_Sensor2_x3m_130526_a8p59_f0p71.csv,HIGH,130526,2,2,3,8.59,0.71,0.707137806158527,0.00366357192807595,1.426520844077e-05,0.00714280612281341,NaN,NaN,NaN,NaN,NaN,0.0131664206060204,0.278251169220643,0.000711785603850928,0.0150292464797731
Acoustic_Sensor,raw_data_HIGH_Sensor3_x4p6m_130526_a0p416_f1p67.csv,HIGH,130526,1,3,1,0.416,1.67,1.5428461225277,0.000157831930619938,6.85208312903491e-06,0.00714280612281341,NaN,NaN,NaN,NaN,NaN,0.00110851114247647,0.142381907201522,0.000711785603850928,0.0150292464797731
Side_Camera,CamTS_130526_x4p6_f1p67_ak0p03_nikon_A0.42V_f1.670Hz_x4.60m.csv,HIGH,130526,NaN,NaN,4.6,0.416,1.67,1.82612356594043,2.37225652121111e-23,1.01929712633953e-23,0.00526260393642774,2.77290897955496e-23,0.000575066607528001,2.37225652121111e-23,1.01929712633953e-23,Inf,0.000646754477462343,3.66793985024902e-20,0.000711785603850928,0.0150292464797731
Acoustic_Sensor,raw_data_HIGH_Sensor3_x4p6m_130526_a0p71_f1p67.csv,HIGH,130526,1,3,1,0.71,1.67,1.67141663273834,0.000126565744159769,7.53998952534017e-06,0.00714280612281341,NaN,NaN,NaN,NaN,NaN,0.00210264617753714,0.0601935530151905,0.000711785603850928,0.0150292464797731
Side_Camera,CamTS_130526_x4p6_f1p67_ak0p04_nikon_A0.71V_f1.670Hz_x4.60m.csv,HIGH,130526,NaN,NaN,4.6,0.71,1.67,1.66824487300617,9.45087521300458e-06,1.77753827569933e-06,0.00526260212304785,1.55117519019725e-05,0.000529748496840339,9.45087521300458e-06,1.77753827569933e-06,4.68840099988635,0.00180416979215787,0.00523835132041585,0.000711785603850928,0.0150292464797731
Acoustic_Sensor,raw_data_HIGH_Sensor3_x4p6m_130526_a10_f0p71.csv,HIGH,130526,1,3,1,10,0.71,0.714280612281341,0.00168646689562887,1.74128613189143e-05,0.00714280612281341,NaN,NaN,NaN,NaN,NaN,NaN,NaN,0.000711785603850928,0.0150292464797731
Side_Camera,CamTS__DSC7831_A10.00V_f0.710Hz_x4.60m.csv,HIGH,130526,NaN,NaN,4.6,10,0.71,0.711680949150665,0.00261415059601796,3.17366637275751e-05,0.00588166073678236,0.00263117234889144,0.000948496689567237,0.00261415059601796,3.17366637275751e-05,1.18192806702882,NaN,NaN,0.000711785603850928,0.0150292464797731
Acoustic_Sensor,raw_data_HIGH_Sensor3_x4p6m_130526_a10_f1p67.csv,HIGH,130526,1,3,1,10,1.67,1.66427382661552,0.000997972652041615,5.13183388421647e-05,0.00714280612281341,NaN,NaN,NaN,NaN,NaN,NaN,NaN,0.000711785603850928,0.0150292464797731
Side_Camera,CamTS__DSC7832_A10.00V_f1.670Hz_x4.60m.csv,HIGH,130526,NaN,NaN,4.6,10,1.67,1.58919168127007,0.00115731336770379,9.4980481786636e-05,0.013354551943446,0.00111902896512814,0.000900343020420439,0.00115731336770379,9.4980481786636e-05,1.4816555211253,NaN,NaN,0.000711785603850928,0.0150292464797731
Acoustic_Sensor,raw_data_HIGH_Sensor3_x4p6m_130526_a1p006_f1p67.csv,HIGH,130526,1,3,1,1.006,1.67,1.62141698987864,4.93015196845323e-05,2.09515239896658e-06,0.00714280612281341,NaN,NaN,NaN,NaN,NaN,0.00337690585575573,0.0145996133118431,0.000711785603850928,0.0150292464797731
Side_Camera,CamTS_130526_x4p6_f1p67_ak0p05_nikon_A1.01V_f1.670Hz_x4.60m.csv,HIGH,130526,NaN,NaN,4.6,1.006,1.67,1.67069410882426,3.24802296091148e-06,6.95111879457707e-07,0.00416631947337722,8.47664933022967e-06,0.000614442753681261,3.24802296091148e-06,6.95111879457707e-07,2.294030738712,0.00170886402950536,0.00190069128077536,0.000711785603850928,0.0150292464797731
Acoustic_Sensor,raw_data_HIGH_Sensor3_x4p6m_130526_a1p04_f1p25.csv,HIGH,130526,1,3,1,1.04,1.25,1.24999107149235,0.00012298711816217,7.52786106817854e-06,0.00714280612281341,NaN,NaN,NaN,NaN,NaN,0.00202877746712837,0.0606212954130706,0.000711785603850928,0.0150292464797731
Side_Camera,CamTS_130526_x4p6_f1p25_ak0p03_nikon_A1.04V_f1.250Hz_x4.60m.csv,HIGH,130526,NaN,NaN,4.6,1.04,1.25,1.24723713293338,8.82965084794207e-06,1.83374969662098e-06,0.00526260393642774,1.52542128398058e-05,0.000979204867884815,8.82965084794207e-06,1.83374969662098e-06,2.34261011211712,0.000779664285080254,0.0113249394860163,0.000711785603850928,0.0150292464797731
Acoustic_Sensor,raw_data_HIGH_Sensor3_x4p6m_130526_a1p3_f1p67.csv,HIGH,130526,1,3,1,1.3,1.67,1.67141663273834,0.000162927771437835,1.32438548245794e-05,0.00714280612281341,NaN,NaN,NaN,NaN,NaN,0.00401762272990501,0.0405532779932493,0.000711785603850928,0.0150292464797731
Side_Camera,CamTS_130526_x4p6_f1p67_ak0p06_nikon_A1.30V_f1.670Hz_x4.60m.csv,HIGH,130526,NaN,NaN,4.6,1.3,1.67,1.67203644039551,0.000131604204407842,2.34885801526501e-06,0.00555493834018442,0.000128805525485817,0.000484026559130312,0.000131604204407842,2.34885801526501e-06,1.10505692118722,0.00250590856529886,0.0525175603891783,0.000711785603850928,0.0150292464797731
Acoustic_Sensor,raw_data_HIGH_Sensor3_x4p6m_130526_a1p55_f1p25.csv,HIGH,130526,1,3,1,1.55,1.25,1.24999107149235,0.000149632995414526,1.16899474832701e-05,0.00714280612281341,NaN,NaN,NaN,NaN,NaN,0.00322886391572579,0.0463423046991101,0.000711785603850928,0.0150292464797731
Side_Camera,CamTS_130526_x4p6_f1p25_ak0p04_nikon_A1.55V_f1.250Hz_x4.60m.csv,HIGH,130526,NaN,NaN,4.6,1.55,1.25,1.24416796267496,3.87038483837713e-05,3.97574221107233e-06,0.0111086425238836,3.31624567155577e-05,0.0010762704517872,3.87038483837713e-05,3.97574221107233e-06,1.94711067096182,0.00135238644435889,0.0286189265983949,0.000711785603850928,0.0150292464797731
Acoustic_Sensor,raw_data_HIGH_Sensor3_x4p6m_130526_a1p59_f1p67.csv,HIGH,130526,1,3,1,1.59,1.67,1.66427382661552,0.000197235789104746,1.01053803316811e-05,0.00714280612281341,NaN,NaN,NaN,NaN,NaN,0.00540366548469858,0.036500369918022,0.000711785603850928,0.0150292464797731
Side_Camera,CamTS_130526_x4p6_f1p67_ak0p07_nikon_A1.59V_f1.670Hz_x4.60m.csv,HIGH,130526,NaN,NaN,4.6,1.59,1.67,1.55754123225013,0.000759873314573519,2.62615171342608e-05,0.0105239272449333,0.000733318467380589,0.00064486016198352,0.000759873314573519,2.62615171342608e-05,1.06579490735687,0.00310066387366251,0.245067942071372,0.000711785603850928,0.0150292464797731
Acoustic_Sensor,raw_data_HIGH_Sensor3_x4p6m_130526_a1p69_f1.csv,HIGH,130526,1,3,1,1.69,1,0.999992857193877,0.000100401562668445,1.40611316110988e-05,0.00714280612281341,NaN,NaN,NaN,NaN,NaN,0.00395064319207201,0.0254139788857487,0.000711785603850928,0.0150292464797731
Side_Camera,CamTS_130526_x4p6_f1_ak0p03_nikon_A1.69V_f1.000Hz_x4.60m.csv,HIGH,130526,NaN,NaN,4.6,1.69,1,0.999714367323622,5.62415300772654e-05,6.52180778316365e-06,0.0142816338189089,4.95747989060548e-05,0.000960575699511103,5.62415300772654e-05,6.52180778316365e-06,1.79049715251314,0.00146980882571239,0.0382645205916532,0.000711785603850928,0.0150292464797731
Acoustic_Sensor,raw_data_HIGH_Sensor3_x4p6m_130526_a1p89_f1p67.csv,HIGH,130526,1,3,1,1.89,1.67,1.69284505110678,0.00016053632418298,8.99121068698387e-06,0.00714280612281341,NaN,NaN,NaN,NaN,NaN,0.00596660287908402,0.0269058168335188,0.000711785603850928,0.0150292464797731
Side_Camera,CamTS_130526_x4p6_f1p67_ak0p08_nikon_A1.89V_f1.670Hz_x4.60m.csv,HIGH,130526,NaN,NaN,4.6,1.89,1.67,1.53258573053795,0.000910854120115436,4.70299772422411e-05,0.0222113873991007,0.000875415707536324,0.000685635272239033,0.000910854120115436,4.70299772422411e-05,1.08933976898044,0.00360604060719774,0.25259119886153,0.000711785603850928,0.0150292464797731
Acoustic_Sensor,raw_data_HIGH_Sensor3_x4p6m_130526_a2p06_f1p25.csv,HIGH,130526,1,3,1,2.06,1.25,1.24999107149235,0.000137659300338719,1.29998563240667e-05,0.00714280612281341,NaN,NaN,NaN,NaN,NaN,0.00436960789074023,0.0315038108179998,0.000711785603850928,0.0150292464797731
Side_Camera,CamTS_130526_x4p6_f1p25_ak0p05_nikon_A2.06V_f1.250Hz_x4.60m.csv,HIGH,130526,NaN,NaN,4.6,2.06,1.25,1.24676546694895,8.08525712781821e-05,1.20920801686382e-06,0.011761938367443,7.97490110088287e-05,0.00113448902383211,8.08525712781821e-05,1.20920801686382e-06,1.18840085519037,0.00104188830415986,0.0776019569039875,0.000711785603850928,0.0150292464797731
Acoustic_Sensor,raw_data_HIGH_Sensor3_x4p6m_130526_a2p32_f0p83.csv,HIGH,130526,1,3,1,2.32,0.83,0.828565510246355,0.000140368722855405,1.25896511116844e-05,0.00714280612281341,NaN,NaN,NaN,NaN,NaN,0.00301858572698531,0.0465014863088193,0.000711785603850928,0.0150292464797731
Side_Camera,CamTS_130526_x4p6_f0p83_ak0p03_nikon_A2.32V_f0.830Hz_x4.60m.csv,HIGH,130526,NaN,NaN,4.6,2.32,0.83,0.826556459138782,7.07883682759503e-05,9.36829634310596e-07,0.0066657778962805,6.71626717011183e-05,0.00103057626180019,7.07883682759503e-05,9.36829634310596e-07,1.2613650191397,0.00311903200959037,0.0226956209677525,0.000711785603850928,0.0150292464797731
Acoustic_Sensor,raw_data_HIGH_Sensor3_x4p6m_130526_a2p42_f1.csv,HIGH,130526,1,3,1,2.42,1,0.999992857193877,0.000151533891290198,1.24231232212059e-05,0.00714280612281341,NaN,NaN,NaN,NaN,NaN,0.00553173772188584,0.0273935423023886,0.000711785603850928,0.0150292464797731
Side_Camera,CamTS_130526_x4p6_f1_ak0p04_nikon_A2.42V_f1.000Hz_x4.60m.csv,HIGH,130526,NaN,NaN,4.6,2.42,1,0.999666777740753,7.51302623533353e-05,4.16714801951592e-06,0.0166611129623459,7.39587049984165e-05,0.00054484123867824,7.51302623533353e-05,4.16714801951592e-06,1.26018722898603,0.00459820844639661,0.0163390292608877,0.000711785603850928,0.0150292464797731
Acoustic_Sensor,raw_data_HIGH_Sensor3_x4p6m_130526_a2p56_f1p25.csv,HIGH,130526,1,3,1,2.56,1.25,1.24999107149235,0.00048070277056652,2.09809172877204e-05,0.00714280612281341,NaN,NaN,NaN,NaN,NaN,0.00567026826021481,0.0847760191416957,0.000711785603850928,0.0150292464797731
Side_Camera,CamTS_130526_x4p6_f1p25_ak0p06_nikon_A2.56V_f1.250Hz_x4.60m.csv,HIGH,130526,NaN,NaN,4.6,2.56,1.25,1.28806055412739,0.000524288069728143,1.08322128196208e-05,0.0222079405884033,0.00048507211752275,0.000618675708982791,0.000524288069728143,1.08322128196208e-05,1.17189459451609,0.00289581656887213,0.18105016573351,0.000711785603850928,0.0150292464797731
Acoustic_Sensor,raw_data_HIGH_Sensor3_x4p6m_130526_a2p93_f0p71.csv,HIGH,130526,1,3,1,2.93,0.71,0.707137806158527,0.000315360157873209,1.6812883078359e-05,0.00714280612281341,NaN,NaN,NaN,NaN,NaN,0.00076188229009719,0.413922415538731,0.000711785603850928,0.0150292464797731
Side_Camera,CamTS_130526_x4p6_f0p71_ak0p03_nikon_A2.93V_f0.710Hz_x4.60m.csv,HIGH,130526,NaN,NaN,4.6,2.93,0.71,0.710953121528549,0.000116555792265019,4.84205865934778e-06,0.0111086425238836,0.000108967076936447,0.000943466735738905,0.000116555792265019,4.84205865934778e-06,1.37880613050947,0.00110296752312774,0.105674727334216,0.000711785603850928,0.0150292464797731
Acoustic_Sensor,raw_data_HIGH_Sensor3_x4p6m_130526_a3p07_f1p25.csv,HIGH,130526,1,3,1,3.07,1.25,1.24999107149235,0.000976467544957739,4.14571656198753e-05,0.00714280612281341,NaN,NaN,NaN,NaN,NaN,0.0068589991341229,0.142362978309751,0.000711785603850928,0.0150292464797731
Side_Camera,CamTS_130526_x4p6_f1p25_ak0p07_nikon_A3.07V_f1.250Hz_x4.60m.csv,HIGH,130526,NaN,NaN,4.6,3.07,1.25,1.23106560190052,0.000223038214611192,1.42463322998541e-05,0.00769416001187827,0.000193450179982262,0.000478726554401272,0.000223038214611192,1.42463322998541e-05,1.64095606816346,0.00292649862850572,0.0762133330385588,0.000711785603850928,0.0150292464797731
Acoustic_Sensor,raw_data_HIGH_Sensor3_x4p6m_130526_a3p14_f1.csv,HIGH,130526,1,3,1,3.14,1,0.999992857193877,0.000470202695632086,1.12204475951121e-05,0.00714280612281341,NaN,NaN,NaN,NaN,NaN,0.00708112504835776,0.0664022584576633,0.000711785603850928,0.0150292464797731
Side_Camera,CamTS_130526_x4p6_f1_ak0p05_nikon_A3.14V_f1.000Hz_x4.60m.csv,HIGH,130526,NaN,NaN,4.6,3.14,1,0.99988559661366,0.000259057747008638,4.02864529399271e-05,0.00571363198064948,0.000249140042316174,0.000544431099504238,0.000259057747008638,4.02864529399271e-05,1.36913735741231,0.0023927463228655,0.108267953243951,0.000711785603850928,0.0150292464797731
Acoustic_Sensor,raw_data_HIGH_Sensor3_x4p6m_130526_a3p25_f0p83.csv,HIGH,130526,1,3,1,3.25,0.83,0.828565510246355,0.000107448032268773,1.59681701822124e-05,0.00714280612281341,NaN,NaN,NaN,NaN,NaN,0.00421273493556376,0.0255055288102037,0.000711785603850928,0.0150292464797731
Side_Camera,CamTS_130526_x4p6_f0p83_ak0p04_nikon_A3.25V_f0.830Hz_x4.60m.csv,HIGH,130526,NaN,NaN,4.6,3.25,0.83,0.831491421955584,4.39002366224618e-05,4.83671196942785e-06,0.00526260393642774,3.9585387645305e-05,0.00049882434427777,4.39002366224618e-05,4.83671196942785e-06,1.61082093356157,0.00389800564278649,0.0112622301365064,0.000711785603850928,0.0150292464797731
Acoustic_Sensor,raw_data_HIGH_Sensor3_x4p6m_130526_a3p57_f1p25.csv,HIGH,130526,1,3,1,3.57,1.25,1.24999107149235,0.000916677173010299,3.09307385562132e-05,0.00714280612281341,NaN,NaN,NaN,NaN,NaN,0.00816365595290424,0.112287580257983,0.000711785603850928,0.0150292464797731
Side_Camera,CamTS_130526_x4p6_f1p25_ak0p08_nikon_A3.57V_f1.250Hz_x4.60m.csv,HIGH,130526,NaN,NaN,4.6,3.57,1.25,1.22288063405059,0.00136050458620346,3.12629590953254e-05,0.0076910731701295,0.00134904326918466,0.000571036410203354,0.00136050458620346,3.12629590953254e-05,1.21700186990101,0.00355584052478196,0.382611249498283,0.000711785603850928,0.0150292464797731
Acoustic_Sensor,raw_data_HIGH_Sensor3_x4p6m_130526_a3p86_f1.csv,HIGH,130526,1,3,1,3.86,1,0.999992857193877,0.00126723534877079,3.99357123849125e-05,0.00714280612281341,NaN,NaN,NaN,NaN,NaN,0.00861701830759256,0.147061930651141,0.000711785603850928,0.0150292464797731
Side_Camera,CamTS_130526_x4p6_f1_ak0p06_nikon_A3.86V_f1.000Hz_x4.60m.csv,HIGH,130526,NaN,NaN,4.6,3.86,1,0.966404199475066,0.000376303399140375,3.07168833396139e-05,0.0111080942468398,0.000341569358465491,0.000472156723677715,0.000376303399140375,3.07168833396139e-05,1.65892129110938,0.00296035654229542,0.127114215387243,0.000711785603850928,0.0150292464797731
Acoustic_Sensor,raw_data_HIGH_Sensor3_x4p6m_130526_a4p06_f0p71.csv,HIGH,130526,1,3,1,4.06,0.71,0.707137806158527,0.000227204784028632,1.17084440809544e-05,0.00714280612281341,NaN,NaN,NaN,NaN,NaN,0.00115977912843625,0.195903494430854,0.000711785603850928,0.0150292464797731
Side_Camera,CamTS_130526_x4p6_f0p71_ak0p04_nikon_A4.06V_f0.710Hz_x4.60m.csv,HIGH,130526,NaN,NaN,4.6,4.06,0.71,0.710451531417746,7.95859333451869e-05,2.30336758535249e-06,0.00526260393642774,7.7434341315387e-05,0.000402155629558926,7.95859333451869e-05,2.30336758535249e-06,1.2048545078998,0.00356007744314747,0.0223551129479995,0.000711785603850928,0.0150292464797731
Acoustic_Sensor,raw_data_HIGH_Sensor3_x4p6m_130526_a4p19_f0p83.csv,HIGH,130526,1,3,1,4.19,0.83,0.835708316369169,0.000438498649538368,1.38058959868227e-05,0.00714280612281341,NaN,NaN,NaN,NaN,NaN,0.00462780304207898,0.0947530924612078,0.000711785603850928,0.0150292464797731
Side_Camera,CamTS_130526_x4p6_f0p83_ak0p05_nikon_A4.19V_f0.830Hz_x4.60m.csv,HIGH,130526,NaN,NaN,4.6,4.19,0.83,0.837290677330667,0.000552421130042182,1.6857504594674e-05,0.0124968757810547,0.000555716572418368,0.000506276400478177,0.000552421130042182,1.6857504594674e-05,1.04945707956202,0.00500669293186843,0.110336531031478,0.000711785603850928,0.0150292464797731
Acoustic_Sensor,raw_data_HIGH_Sensor3_x4p6m_130526_a4p58_f1.csv,HIGH,130526,1,3,1,4.58,1,0.999992857193877,0.0014787306124739,3.14573666222958e-05,0.00714280612281341,NaN,NaN,NaN,NaN,NaN,0.0101388646899788,0.145847750975064,0.000711785603850928,0.0150292464797731
Side_Camera,CamTS_130526_x4p6_f1_ak0p07_nikon_A4.58V_f1.000Hz_x4.60m.csv,HIGH,130526,NaN,NaN,4.6,4.58,1,0.979866028708134,0.00107576962479034,2.94118623280965e-05,0.00666575529733424,0.00105866733884372,0.00061928973622889,0.00107576962479034,2.94118623280965e-05,1.08883684198879,0.00362432770623802,0.296819082595312,0.000711785603850928,0.0150292464797731
Acoustic_Sensor,raw_data_HIGH_Sensor3_x4p6m_130526_a5p11_f0p83.csv,HIGH,130526,1,3,1,5.11,0.83,0.828565510246355,0.00129584140898169,2.04298582270674e-05,0.00714280612281341,NaN,NaN,NaN,NaN,NaN,0.00647775526145446,0.200044823658672,0.000711785603850928,0.0150292464797731
Side_Camera,CamTS_130526_x4p6_f0p83_ak0p06_nikon_A5.11V_f0.830Hz_x4.60m.csv,HIGH,130526,NaN,NaN,4.6,5.11,0.83,0.829834033193361,0.00130449632578683,3.05668997791819e-05,0.00999800039992002,0.00130036732612348,0.000631985601844236,0.00130449632578683,3.05668997791819e-05,1.04205678040849,0.0063402641204855,0.205747946930472,0.000711785603850928,0.0150292464797731
Acoustic_Sensor,raw_data_HIGH_Sensor3_x4p6m_130526_a5p2_f0p71.csv,HIGH,130526,1,3,1,5.2,0.71,0.707137806158527,0.00142480434578973,4.98787153418038e-05,0.00714280612281341,NaN,NaN,NaN,NaN,NaN,0.00162530877211438,0.876636101542842,0.000711785603850928,0.0150292464797731
Side_Camera,CamTS_130526_x4p6_f0p71_ak0p05_nikon_A5.20V_f0.710Hz_x4.60m.csv,HIGH,130526,NaN,NaN,4.6,5.2,0.71,0.710950189836816,0.000676552492191021,5.18039629544796e-05,0.0111085967162002,0.000683623629953126,0.000504145821988246,0.000676552492191021,5.18039629544796e-05,1.43816925089534,0.00452740446516205,0.149434957136485,0.000711785603850928,0.0150292464797731
Acoustic_Sensor,raw_data_HIGH_Sensor3_x4p6m_130526_a5p3_f1.csv,HIGH,130526,1,3,1,5.3,1,0.999992857193877,0.0024676158447392,6.47218650498201e-05,0.00714280612281341,NaN,NaN,NaN,NaN,NaN,0.011630902952647,0.212160298713318,0.000711785603850928,0.0150292464797731
Side_Camera,CamTS_130526_x4p6_f1_ak0p08_nikon_A5.30V_f1.000Hz_x4.60m.csv,HIGH,130526,NaN,NaN,4.6,5.3,1,0.991500195848022,0.00243516375320317,2.47201636163269e-05,0.00833193441889094,0.00242630163176383,0.000750556367650316,0.00243516375320317,2.47201636163269e-05,1.03830529098218,0.00485358646186461,0.501724605574999,0.000711785603850928,0.0150292464797731
Acoustic_Sensor,raw_data_HIGH_Sensor3_x4p6m_130526_a6p05_f0p83.csv,HIGH,130526,1,3,1,6.05,0.83,0.835708316369169,0.000920322770726527,1.77968950555564e-05,0.00714280612281341,NaN,NaN,NaN,NaN,NaN,0.00668977623050307,0.137571532890767,0.000711785603850928,0.0150292464797731
Side_Camera,CamTS_130526_x4p6_f0p83_ak0p07_nikon_A6.05V_f0.830Hz_x4.60m.csv,HIGH,130526,NaN,NaN,4.6,6.05,0.83,0.836211597891293,0.000916126389691232,8.23533231655481e-06,0.0090892564988184,0.000909972571972267,0.000603096620168337,0.000916126389691232,8.23533231655481e-06,1.08392055506592,0.00739732538755617,0.123845625505719,0.000711785603850928,0.0150292464797731
Acoustic_Sensor,raw_data_HIGH_Sensor3_x4p6m_130526_a6p3_f0p71.csv,HIGH,130526,1,3,1,6.3,0.71,0.707137806158527,0.00218656775763076,2.70302241050863e-05,0.00714280612281341,NaN,NaN,NaN,NaN,NaN,0.00205950529595613,1.06169562269353,0.000711785603850928,0.0150292464797731
Side_Camera,CamTS_130526_x4p6_f0p71_ak0p06_nikon_A6.30V_f0.710Hz_x4.60m.csv,HIGH,130526,NaN,NaN,4.6,6.3,0.71,0.709858028394321,0.00170116286468571,2.50533285200258e-05,0.00999800039992002,0.00169447113202678,0.000550409771455543,0.00170116286468571,2.50533285200258e-05,1.04556691869562,0.00540639334190638,0.314657620543358,0.000711785603850928,0.0150292464797731
Acoustic_Sensor,raw_data_HIGH_Sensor3_x4p6m_130526_a6p98_f0p83.csv,HIGH,130526,1,3,1,6.98,0.83,0.828565510246355,0.000986534926866536,2.12609311333469e-05,0.00714280612281341,NaN,NaN,NaN,NaN,NaN,0.00877519450418447,0.112423140751593,0.000711785603850928,0.0150292464797731
Side_Camera,CamTS_130526_x4p6_f0p83_ak0p08_nikon_A6.98V_f0.830Hz_x4.60m.csv,HIGH,130526,NaN,NaN,4.6,6.98,0.83,0.825943314206225,0.000947626989291204,1.83283878200038e-05,0.00869414014953921,0.000946549791191157,0.00071733251395853,0.000947626989291204,1.83283878200038e-05,1.0990546988826,0.00876537400103009,0.108110274493689,0.000711785603850928,0.0150292464797731
Acoustic_Sensor,raw_data_HIGH_Sensor3_x4p6m_130526_a7p46_f0p71.csv,HIGH,130526,1,3,1,7.46,0.71,0.714280612281341,0.00266483604988437,3.17749216492851e-05,0.00714280612281341,NaN,NaN,NaN,NaN,NaN,0.0041529889501514,0.64166702148033,0.000711785603850928,0.0150292464797731
Side_Camera,CamTS_130526_x4p6_f0p71_ak0p07_nikon_A7.46V_f0.710Hz_x4.60m.csv,HIGH,130526,NaN,NaN,4.6,7.46,0.71,0.715638812881499,0.00384499443539201,4.59053639158161e-05,0.0105241001894338,0.00381535850376594,0.000621599326888364,0.00384499443539201,4.59053639158161e-05,1.0469478328552,0.00750727287790593,0.512169265447633,0.000711785603850928,0.0150292464797731
Acoustic_Sensor,raw_data_HIGH_Sensor3_x4p6m_130526_a8p59_f0p71.csv,HIGH,130526,1,3,1,8.59,0.71,0.707137806158527,0.0014236791164617,1.16289635449118e-05,0.00714280612281341,NaN,NaN,NaN,NaN,NaN,0.00297209068734761,0.479016041644487,0.000711785603850928,0.0150292464797731
Side_Camera,CamTS_130526_x4p6_f0p71_ak0p08_nikon_A8.59V_f0.710Hz_x4.60m.csv,HIGH,130526,NaN,NaN,4.6,8.59,0.71,0.708215080690039,0.00235718712300259,1.4403904733231e-05,0.00833194212576517,0.00241534298479454,0.000649533118347399,0.00235718712300259,1.4403904733231e-05,1.17593597020421,0.00754467974567743,0.312430375106789,0.000711785603850928,0.0150292464797731
Acoustic_Sensor,raw_data_HIGH_Sensor4_x6p2m_130526_a0p416_f1p67.csv,HIGH,130526,6,4,9.4,0.416,1.67,1.51427489803644,9.97260405486606e-05,1.1399846410904e-05,0.00714280612281341,NaN,NaN,NaN,NaN,NaN,0.00112595932264263,0.0885698431046365,0.000711785603850928,0.0150292464797731
Acoustic_Sensor,raw_data_HIGH_Sensor4_x6p2m_130526_a0p71_f1p67.csv,HIGH,130526,6,4,9.4,0.71,1.67,1.60713137763302,4.46912320047938e-05,3.74008451330551e-06,0.00714280612281341,NaN,NaN,NaN,NaN,NaN,0.00195854880351578,0.0228185439773412,0.000711785603850928,0.0150292464797731
Acoustic_Sensor,raw_data_HIGH_Sensor4_x6p2m_130526_a10_f0p71.csv,HIGH,130526,6,4,9.4,10,0.71,0.714280612281341,0.000653222089489886,5.15776783156267e-06,0.00714280612281341,NaN,NaN,NaN,NaN,NaN,NaN,NaN,0.000711785603850928,0.0150292464797731
Acoustic_Sensor,raw_data_HIGH_Sensor4_x6p2m_130526_a10_f1p67.csv,HIGH,130526,6,4,9.4,10,1.67,1.66427382661552,0.00018295341775744,1.48060996875207e-05,0.00714280612281341,NaN,NaN,NaN,NaN,NaN,NaN,NaN,0.000711785603850928,0.0150292464797731
Acoustic_Sensor,raw_data_HIGH_Sensor4_x6p2m_130526_a1p006_f1p67.csv,HIGH,130526,6,4,9.4,1.006,1.67,1.67855943886115,6.45354768338321e-05,5.53016195376931e-06,0.00714280612281341,NaN,NaN,NaN,NaN,NaN,0.00287484875016399,0.0224483033516635,0.000711785603850928,0.0150292464797731
Acoustic_Sensor,raw_data_HIGH_Sensor4_x6p2m_130526_a1p04_f1p25.csv,HIGH,130526,6,4,9.4,1.04,1.25,1.18570581638703,3.47193555192852e-05,8.91385218208563e-07,0.00714280612281341,NaN,NaN,NaN,NaN,NaN,0.00116634576556141,0.0297676354169069,0.000711785603850928,0.0150292464797731
Acoustic_Sensor,raw_data_HIGH_Sensor4_x6p2m_130526_a1p3_f1p67.csv,HIGH,130526,6,4,9.4,1.3,1.67,1.67141663273834,5.49107977199457e-05,7.19977463649951e-06,0.00714280612281341,NaN,NaN,NaN,NaN,NaN,0.00366858677559604,0.0149678339586296,0.000711785603850928,0.0150292464797731
Acoustic_Sensor,raw_data_HIGH_Sensor4_x6p2m_130526_a1p55_f1p25.csv,HIGH,130526,6,4,9.4,1.55,1.25,1.24999107149235,8.15009180959484e-05,1.00235675447207e-05,0.00714280612281341,NaN,NaN,NaN,NaN,NaN,0.00186440832260219,0.0437140926201166,0.000711785603850928,0.0150292464797731
Acoustic_Sensor,raw_data_HIGH_Sensor4_x6p2m_130526_a1p59_f1p67.csv,HIGH,130526,6,4,9.4,1.59,1.67,1.66427382661552,0.000142021214562111,1.08669908296339e-05,0.00714280612281341,NaN,NaN,NaN,NaN,NaN,0.00466022896186192,0.0304751581358717,0.000711785603850928,0.0150292464797731
Acoustic_Sensor,raw_data_HIGH_Sensor4_x6p2m_130526_a1p69_f1.csv,HIGH,130526,6,4,9.4,1.69,1,0.999992857193877,9.53341485076008e-05,1.09645130098962e-05,0.00714280612281341,NaN,NaN,NaN,NaN,NaN,0.00156974512451511,0.0607322469226011,0.000711785603850928,0.0150292464797731
Acoustic_Sensor,raw_data_HIGH_Sensor4_x6p2m_130526_a1p89_f1p67.csv,HIGH,130526,6,4,9.4,1.89,1.67,1.67141663273834,0.000141430416041855,1.19665119913002e-05,0.00714280612281341,NaN,NaN,NaN,NaN,NaN,0.00544445417148183,0.0259769687809423,0.000711785603850928,0.0150292464797731
Acoustic_Sensor,raw_data_HIGH_Sensor4_x6p2m_130526_a2p06_f1p25.csv,HIGH,130526,6,4,9.4,2.06,1.25,1.24999107149235,0.00010086689778569,1.28846312553163e-05,0.00714280612281341,NaN,NaN,NaN,NaN,NaN,0.0026379740798805,0.0382365007127966,0.000711785603850928,0.0150292464797731
Acoustic_Sensor,raw_data_HIGH_Sensor4_x6p2m_130526_a2p32_f0p83.csv,HIGH,130526,6,4,9.4,2.32,0.83,0.885707959228863,3.13783526399755e-05,1.338427579907e-06,0.00714280612281341,NaN,NaN,NaN,NaN,NaN,0.00150843797156699,0.0208018846193451,0.000711785603850928,0.0150292464797731
Acoustic_Sensor,raw_data_HIGH_Sensor4_x6p2m_130526_a2p42_f1.csv,HIGH,130526,6,4,9.4,2.42,1,0.999992857193877,5.72418779236181e-05,7.78539023648552e-06,0.00714280612281341,NaN,NaN,NaN,NaN,NaN,0.00222522660838082,0.0257240668020189,0.000711785603850928,0.0150292464797731
Acoustic_Sensor,raw_data_HIGH_Sensor4_x6p2m_130526_a2p56_f1p25.csv,HIGH,130526,6,4,9.4,2.56,1.25,1.24999107149235,0.000326385282591787,2.18024787584231e-05,0.00714280612281341,NaN,NaN,NaN,NaN,NaN,0.00357979340430679,0.0911743348650003,0.000711785603850928,0.0150292464797731
Acoustic_Sensor,raw_data_HIGH_Sensor4_x6p2m_130526_a2p93_f0p71.csv,HIGH,130526,6,4,9.4,2.93,0.71,0.714280612281341,0.000115952054375753,1.49008715140515e-05,0.00714280612281341,NaN,NaN,NaN,NaN,NaN,0.00452908356377136,0.0256016593076945,0.000711785603850928,0.0150292464797731
Acoustic_Sensor,raw_data_HIGH_Sensor4_x6p2m_130526_a3p07_f1p25.csv,HIGH,130526,6,4,9.4,3.07,1.25,1.24999107149235,0.000710171858147121,3.90443753337087e-05,0.00714280612281341,NaN,NaN,NaN,NaN,NaN,0.00457768602598373,0.155137738612055,0.000711785603850928,0.0150292464797731
Acoustic_Sensor,raw_data_HIGH_Sensor4_x6p2m_130526_a3p14_f1.csv,HIGH,130526,6,4,9.4,3.14,1,0.999992857193877,0.000319696505081995,8.4504748425636e-06,0.00714280612281341,NaN,NaN,NaN,NaN,NaN,0.00287459364037069,0.111214503710086,0.000711785603850928,0.0150292464797731
Acoustic_Sensor,raw_data_HIGH_Sensor4_x6p2m_130526_a3p25_f0p83.csv,HIGH,130526,6,4,9.4,3.25,0.83,0.828565510246355,0.00010389138782574,1.44717129037711e-05,0.00714280612281341,NaN,NaN,NaN,NaN,NaN,0.00206327455590613,0.0503526724198436,0.000711785603850928,0.0150292464797731
Acoustic_Sensor,raw_data_HIGH_Sensor4_x6p2m_130526_a3p57_f1p25.csv,HIGH,130526,6,4,9.4,3.57,1.25,1.24999107149235,0.000922823215476423,3.36697983754274e-05,0.00714280612281341,NaN,NaN,NaN,NaN,NaN,0.00571151535051403,0.161572395212659,0.000711785603850928,0.0150292464797731
Acoustic_Sensor,raw_data_HIGH_Sensor4_x6p2m_130526_a3p86_f1.csv,HIGH,130526,6,4,9.4,3.86,1,0.999992857193877,0.000752782829323025,3.24955772343089e-05,0.00714280612281341,NaN,NaN,NaN,NaN,NaN,0.00350661493851158,0.214675076255322,0.000711785603850928,0.0150292464797731
Acoustic_Sensor,raw_data_HIGH_Sensor4_x6p2m_130526_a4p06_f0p71.csv,HIGH,130526,6,4,9.4,4.06,0.71,0.707137806158527,0.000220434642557791,1.48719758309382e-05,0.00714280612281341,NaN,NaN,NaN,NaN,NaN,0.00631962474345204,0.0348809702326376,0.000711785603850928,0.0150292464797731
Acoustic_Sensor,raw_data_HIGH_Sensor4_x6p2m_130526_a4p19_f0p83.csv,HIGH,130526,6,4,9.4,4.19,0.83,0.835708316369169,0.000251493710041893,3.41579064110149e-06,0.00714280612281341,NaN,NaN,NaN,NaN,NaN,0.00194707839900287,0.129164655193488,0.000711785603850928,0.0150292464797731
Acoustic_Sensor,raw_data_HIGH_Sensor4_x6p2m_130526_a4p58_f1.csv,HIGH,130526,6,4,9.4,4.58,1,0.999992857193877,0.00112219012982408,3.16132992891196e-05,0.00714280612281341,NaN,NaN,NaN,NaN,NaN,0.00415660883907253,0.269977323647919,0.000711785603850928,0.0150292464797731
Acoustic_Sensor,raw_data_HIGH_Sensor4_x6p2m_130526_a5p11_f0p83.csv,HIGH,130526,6,4,9.4,5.11,0.83,0.828565510246355,0.000878736974339243,7.95683405662102e-06,0.00714280612281341,NaN,NaN,NaN,NaN,NaN,0.0030839208710343,0.284941479073855,0.000711785603850928,0.0150292464797731
Acoustic_Sensor,raw_data_HIGH_Sensor4_x6p2m_130526_a5p2_f0p71.csv,HIGH,130526,6,4,9.4,5.2,0.71,0.707137806158527,0.000944258161439199,1.70748114422723e-05,0.00714280612281341,NaN,NaN,NaN,NaN,NaN,0.00809432721301259,0.116656781544634,0.000711785603850928,0.0150292464797731
Acoustic_Sensor,raw_data_HIGH_Sensor4_x6p2m_130526_a5p3_f1.csv,HIGH,130526,6,4,9.4,5.3,1,0.999992857193877,0.00167163128926573,4.40469762307511e-05,0.00714280612281341,NaN,NaN,NaN,NaN,NaN,0.00483867331713858,0.345473062491078,0.000711785603850928,0.0150292464797731
Acoustic_Sensor,raw_data_HIGH_Sensor4_x6p2m_130526_a6p05_f0p83.csv,HIGH,130526,6,4,9.4,6.05,0.83,0.835708316369169,0.00069429756887527,1.3285271169927e-05,0.00714280612281341,NaN,NaN,NaN,NaN,NaN,0.0028269502609576,0.245599499384218,0.000711785603850928,0.0150292464797731
Acoustic_Sensor,raw_data_HIGH_Sensor4_x6p2m_130526_a6p3_f0p71.csv,HIGH,130526,6,4,9.4,6.3,0.71,0.707137806158527,0.0015276885057362,1.2589446278661e-05,0.00714280612281341,NaN,NaN,NaN,NaN,NaN,0.00982123999132308,0.15554945272551,0.000711785603850928,0.0150292464797731
Acoustic_Sensor,raw_data_HIGH_Sensor4_x6p2m_130526_a6p98_f0p83.csv,HIGH,130526,6,4,9.4,6.98,0.83,0.828565510246355,0.000814824594835777,2.27521941362136e-05,0.00714280612281341,NaN,NaN,NaN,NaN,NaN,0.0041952508086304,0.194225478285954,0.000711785603850928,0.0150292464797731
Acoustic_Sensor,raw_data_HIGH_Sensor4_x6p2m_130526_a7p46_f0p71.csv,HIGH,130526,6,4,9.4,7.46,0.71,0.714280612281341,0.00168512214633767,5.49109948446136e-06,0.00714280612281341,NaN,NaN,NaN,NaN,NaN,0.0152117540712595,0.110777635402447,0.000711785603850928,0.0150292464797731
Acoustic_Sensor,raw_data_HIGH_Sensor4_x6p2m_130526_a8p59_f0p71.csv,HIGH,130526,6,4,9.4,8.59,0.71,0.707137806158527,0.000557744292370805,6.852242694126e-06,0.00714280612281341,NaN,NaN,NaN,NaN,NaN,0.0131645128357196,0.0423672565275232,0.000711785603850928,0.0150292464797731
Acoustic_Sensor,raw_data_HIGH_Sensor5_x7p8m_130526_a0p416_f1p67.csv,HIGH,130526,3,5,4.6,0.416,1.67,1.67141663273834,9.00036301685547e-05,8.68076371156016e-06,0.00714280612281341,NaN,NaN,NaN,NaN,NaN,0.00118599783642046,0.0758885281276741,0.000711785603850928,0.0150292464797731
Acoustic_Sensor,raw_data_HIGH_Sensor5_x7p8m_130526_a0p71_f1p67.csv,HIGH,130526,3,5,4.6,0.71,1.67,1.69998785722959,4.59935319492773e-05,7.81041045444917e-06,0.00714280612281341,NaN,NaN,NaN,NaN,NaN,0.00204836277166349,0.0224538019268558,0.000711785603850928,0.0150292464797731
Acoustic_Sensor,raw_data_HIGH_Sensor5_x7p8m_130526_a10_f0p71.csv,HIGH,130526,3,5,4.6,10,0.71,0.714280612281341,0.000523501701353721,7.08917424982848e-06,0.00714280612281341,NaN,NaN,NaN,NaN,NaN,NaN,NaN,0.000711785603850928,0.0150292464797731
Acoustic_Sensor,raw_data_HIGH_Sensor5_x7p8m_130526_a10_f1p67.csv,HIGH,130526,3,5,4.6,10,1.67,1.72141627559803,6.36860522732546e-05,8.94442801473715e-06,0.00714280612281341,NaN,NaN,NaN,NaN,NaN,NaN,NaN,0.000711785603850928,0.0150292464797731
Acoustic_Sensor,raw_data_HIGH_Sensor5_x7p8m_130526_a1p006_f1p67.csv,HIGH,130526,3,5,4.6,1.006,1.67,1.66427382661552,6.08728550194617e-05,8.35758022794269e-06,0.00714280612281341,NaN,NaN,NaN,NaN,NaN,0.00310436385542392,0.0196088016271369,0.000711785603850928,0.0150292464797731
Acoustic_Sensor,raw_data_HIGH_Sensor5_x7p8m_130526_a1p04_f1p25.csv,HIGH,130526,3,5,4.6,1.04,1.25,1.35713316333455,1.51051818365007e-05,4.99183783911894e-07,0.00714280612281341,NaN,NaN,NaN,NaN,NaN,0.00103703092584538,0.0145657968919172,0.000711785603850928,0.0150292464797731
Acoustic_Sensor,raw_data_HIGH_Sensor5_x7p8m_130526_a1p3_f1p67.csv,HIGH,130526,3,5,4.6,1.3,1.67,1.67141663273834,0.000104352914318953,1.28625210017747e-05,0.00714280612281341,NaN,NaN,NaN,NaN,NaN,0.00367919308969252,0.0283629893226599,0.000711785603850928,0.0150292464797731
Acoustic_Sensor,raw_data_HIGH_Sensor5_x7p8m_130526_a1p55_f1p25.csv,HIGH,130526,3,5,4.6,1.55,1.25,1.12856336740452,0.000102066249081224,1.33082222524875e-05,0.00714280612281341,NaN,NaN,NaN,NaN,NaN,0.00170190671772839,0.05997170586262,0.000711785603850928,0.0150292464797731
Acoustic_Sensor,raw_data_HIGH_Sensor5_x7p8m_130526_a1p59_f1p67.csv,HIGH,130526,3,5,4.6,1.59,1.67,1.66427382661552,0.00013411383295135,1.10073755694492e-05,0.00714280612281341,NaN,NaN,NaN,NaN,NaN,0.00480356793355361,0.0279196286607181,0.000711785603850928,0.0150292464797731
Acoustic_Sensor,raw_data_HIGH_Sensor5_x7p8m_130526_a1p69_f1.csv,HIGH,130526,3,5,4.6,1.69,1,0.999992857193877,8.36643589936564e-05,1.08500084972718e-05,0.00714280612281341,NaN,NaN,NaN,NaN,NaN,0.00264214611734963,0.0316653036121943,0.000711785603850928,0.0150292464797731
Acoustic_Sensor,raw_data_HIGH_Sensor5_x7p8m_130526_a1p89_f1p67.csv,HIGH,130526,3,5,4.6,1.89,1.67,1.67141663273834,0.000120614737581007,1.49590812328899e-05,0.00714280612281341,NaN,NaN,NaN,NaN,NaN,0.00547595325412238,0.022026254057265,0.000711785603850928,0.0150292464797731
Acoustic_Sensor,raw_data_HIGH_Sensor5_x7p8m_130526_a2p06_f1p25.csv,HIGH,130526,3,5,4.6,2.06,1.25,1.20713423475547,9.60241479363904e-05,1.13653424645529e-05,0.00714280612281341,NaN,NaN,NaN,NaN,NaN,0.00236853015735181,0.0405416615187845,0.000711785603850928,0.0150292464797731
Acoustic_Sensor,raw_data_HIGH_Sensor5_x7p8m_130526_a2p32_f0p83.csv,HIGH,130526,3,5,4.6,2.32,0.83,0.857136734737609,2.98785608470665e-05,8.60927942806e-07,0.00714280612281341,NaN,NaN,NaN,NaN,NaN,0.00090558446199287,0.0329936765713873,0.000711785603850928,0.0150292464797731
Acoustic_Sensor,raw_data_HIGH_Sensor5_x7p8m_130526_a2p42_f1.csv,HIGH,130526,3,5,4.6,2.42,1,0.999992857193877,5.75414784730793e-05,1.12083742525566e-05,0.00714280612281341,NaN,NaN,NaN,NaN,NaN,0.00381977005101406,0.0150641210608485,0.000711785603850928,0.0150292464797731
Acoustic_Sensor,raw_data_HIGH_Sensor5_x7p8m_130526_a2p56_f1p25.csv,HIGH,130526,3,5,4.6,2.56,1.25,1.24999107149235,0.000236942447365996,7.95630978896218e-06,0.00714280612281341,NaN,NaN,NaN,NaN,NaN,0.00310167855006796,0.0763916839031576,0.000711785603850928,0.0150292464797731
Acoustic_Sensor,raw_data_HIGH_Sensor5_x7p8m_130526_a2p93_f0p71.csv,HIGH,130526,3,5,4.6,2.93,0.71,0.707137806158527,2.37076642398514e-05,8.45512353907181e-07,0.00714280612281341,NaN,NaN,NaN,NaN,NaN,0.0011270252490703,0.0210356105680935,0.000711785603850928,0.0150292464797731
Acoustic_Sensor,raw_data_HIGH_Sensor5_x7p8m_130526_a3p07_f1p25.csv,HIGH,130526,3,5,4.6,3.07,1.25,1.24999107149235,0.000636779855030419,5.92634205387332e-06,0.00714280612281341,NaN,NaN,NaN,NaN,NaN,0.00384403665017688,0.165653949995799,0.000711785603850928,0.0150292464797731
Acoustic_Sensor,raw_data_HIGH_Sensor5_x7p8m_130526_a3p14_f1.csv,HIGH,130526,3,5,4.6,3.14,1,0.999992857193877,0.000253496355685117,6.59402467853759e-06,0.00714280612281341,NaN,NaN,NaN,NaN,NaN,0.00501973255678994,0.0504999724222808,0.000711785603850928,0.0150292464797731
Acoustic_Sensor,raw_data_HIGH_Sensor5_x7p8m_130526_a3p25_f0p83.csv,HIGH,130526,3,5,4.6,3.25,0.83,0.828565510246355,9.49197935267631e-05,1.53573532194618e-05,0.00714280612281341,NaN,NaN,NaN,NaN,NaN,0.00127967249884777,0.0741750671458751,0.000711785603850928,0.0150292464797731
Acoustic_Sensor,raw_data_HIGH_Sensor5_x7p8m_130526_a3p57_f1p25.csv,HIGH,130526,3,5,4.6,3.57,1.25,1.24999107149235,0.000855038698889565,1.57771030606211e-05,0.00714280612281341,NaN,NaN,NaN,NaN,NaN,0.00461569910362353,0.185245762276471,0.000711785603850928,0.0150292464797731
Acoustic_Sensor,raw_data_HIGH_Sensor5_x7p8m_130526_a3p86_f1.csv,HIGH,130526,3,5,4.6,3.86,1,0.999992857193877,0.000624429717588985,2.67653916631778e-05,0.00714280612281341,NaN,NaN,NaN,NaN,NaN,0.0062276415329936,0.100267447039269,0.000711785603850928,0.0150292464797731
Acoustic_Sensor,raw_data_HIGH_Sensor5_x7p8m_130526_a4p06_f0p71.csv,HIGH,130526,3,5,4.6,4.06,0.71,0.707137806158527,0.000155538832697409,1.93194729134554e-05,0.00714280612281341,NaN,NaN,NaN,NaN,NaN,0.00163629052186374,0.0950557560647908,0.000711785603850928,0.0150292464797731
Acoustic_Sensor,raw_data_HIGH_Sensor5_x7p8m_130526_a4p19_f0p83.csv,HIGH,130526,3,5,4.6,4.19,0.83,0.835708316369169,0.000192921843594867,1.16276707175568e-05,0.00714280612281341,NaN,NaN,NaN,NaN,NaN,0.00199733967566434,0.0965894013649425,0.000711785603850928,0.0150292464797731
Acoustic_Sensor,raw_data_HIGH_Sensor5_x7p8m_130526_a4p58_f1.csv,HIGH,130526,3,5,4.6,4.58,1,0.999992857193877,0.00130176259380218,7.65455787635151e-06,0.00714280612281341,NaN,NaN,NaN,NaN,NaN,0.00743473656199125,0.175091959607178,0.000711785603850928,0.0150292464797731
Acoustic_Sensor,raw_data_HIGH_Sensor5_x7p8m_130526_a5p11_f0p83.csv,HIGH,130526,3,5,4.6,5.11,0.83,0.828565510246355,0.000579849348449065,7.16498000428345e-06,0.00714280612281341,NaN,NaN,NaN,NaN,NaN,0.00218910083003991,0.264880146447386,0.000711785603850928,0.0150292464797731
Acoustic_Sensor,raw_data_HIGH_Sensor5_x7p8m_130526_a5p2_f0p71.csv,HIGH,130526,3,5,4.6,5.2,0.71,0.707137806158527,0.00061638627188979,2.1853992589414e-05,0.00714280612281341,NaN,NaN,NaN,NaN,NaN,0.00219571178779443,0.280722759387717,0.000711785603850928,0.0150292464797731
Acoustic_Sensor,raw_data_HIGH_Sensor5_x7p8m_130526_a5p3_f1.csv,HIGH,130526,3,5,4.6,5.3,1,0.999992857193877,0.00193313696272097,1.89434732724867e-05,0.00714280612281341,NaN,NaN,NaN,NaN,NaN,0.00859715113266075,0.224857854990701,0.000711785603850928,0.0150292464797731
Acoustic_Sensor,raw_data_HIGH_Sensor5_x7p8m_130526_a6p05_f0p83.csv,HIGH,130526,3,5,4.6,6.05,0.83,0.835708316369169,0.00073487899708646,6.33853169694224e-06,0.00714280612281341,NaN,NaN,NaN,NaN,NaN,0.00299675111978246,0.245225234833584,0.000711785603850928,0.0150292464797731
Acoustic_Sensor,raw_data_HIGH_Sensor5_x7p8m_130526_a6p3_f0p71.csv,HIGH,130526,3,5,4.6,6.3,0.71,0.707137806158527,0.000726985721939711,8.05380620462674e-06,0.00714280612281341,NaN,NaN,NaN,NaN,NaN,0.00271338792598569,0.267925465053295,0.000711785603850928,0.0150292464797731
Acoustic_Sensor,raw_data_HIGH_Sensor5_x7p8m_130526_a6p98_f0p83.csv,HIGH,130526,3,5,4.6,6.98,0.83,0.828565510246355,0.00128031623727997,3.93947673067439e-06,0.00714280612281341,NaN,NaN,NaN,NaN,NaN,0.00308184057079729,0.415438828799878,0.000711785603850928,0.0150292464797731
Acoustic_Sensor,raw_data_HIGH_Sensor5_x7p8m_130526_a7p46_f0p71.csv,HIGH,130526,3,5,4.6,7.46,0.71,0.714280612281341,0.000524083583590738,6.98308750589072e-06,0.00714280612281341,NaN,NaN,NaN,NaN,NaN,0.00553289372189144,0.0947214260626676,0.000711785603850928,0.0150292464797731
Acoustic_Sensor,raw_data_HIGH_Sensor5_x7p8m_130526_a8p59_f0p71.csv,HIGH,130526,3,5,4.6,8.59,0.71,0.707137806158527,0.000423038722397501,5.35827191781637e-06,0.00714280612281341,NaN,NaN,NaN,NaN,NaN,0.00370650145596129,0.11413423882975,0.000711785603850928,0.0150292464797731
Acoustic_Sensor,raw_data_HIGH_Sensor6_x9p4m_130526_a0p416_f1p67.csv,HIGH,130526,4,6,6.2,0.416,1.67,1.83570117356305,9.42703454161898e-05,1.10908067305026e-05,0.00714280612281341,NaN,NaN,NaN,NaN,NaN,0.000688333831558809,0.136954397843128,0.000711785603850928,0.0150292464797731
Side_Camera,CamTS_130526_x9p4_f1p67_ak0p03_goproH6_A0.42V_f1.670Hz_x9.40m.csv,HIGH,130526,NaN,NaN,9.4,0.416,1.67,1.66824544784759,3.2715336471754e-05,1.03217865155451e-06,0.00526260393642774,2.47016649859694e-05,0.000947674233112736,3.2715336471754e-05,1.03217865155451e-06,2.50374792363586,0.000999471296351999,0.0327326423391675,0.000711785603850928,0.0150292464797731
Acoustic_Sensor,raw_data_HIGH_Sensor6_x9p4m_130526_a0p71_f1p67.csv,HIGH,130526,4,6,6.2,0.71,1.67,1.57856015314176,0.000128441266898185,1.08119718143912e-05,0.00714280612281341,NaN,NaN,NaN,NaN,NaN,0.00135772144774072,0.094600602437204,0.000711785603850928,0.0150292464797731
Side_Camera,CamTS_130526_x9p4_f1p67_ak0p04_goproH6_A0.71V_f1.670Hz_x9.40m.csv,HIGH,130526,NaN,NaN,9.4,0.71,1.67,1.6703914871802,4.44245285009691e-05,1.43340876521621e-06,0.00588166016612746,3.51645967843267e-05,0.000986075644097622,4.44245285009691e-05,1.43340876521621e-06,2.60065839283052,0.00228036196739638,0.0194813495121089,0.000711785603850928,0.0150292464797731
Acoustic_Sensor,raw_data_HIGH_Sensor6_x9p4m_130526_a10_f0p71.csv,HIGH,130526,4,6,6.2,10,0.71,0.714280612281341,0.000623181055348177,1.00667999862357e-05,0.00714280612281341,NaN,NaN,NaN,NaN,NaN,NaN,NaN,0.000711785603850928,0.0150292464797731
Side_Camera,CamTS_GH012643_A10.00V_f0.710Hz_x9.40m.csv,HIGH,130526,NaN,NaN,9.4,10,0.71,0.712410948631421,0.00293615281118106,2.56688558452825e-05,0.00624921884764404,0.00293596519552799,0.00108891543584273,0.00293615281118106,2.56688558452825e-05,1.05253419268863,NaN,NaN,0.000711785603850928,0.0150292464797731
Acoustic_Sensor,raw_data_HIGH_Sensor6_x9p4m_130526_a10_f1p67.csv,HIGH,130526,4,6,6.2,10,1.67,1.69998785722959,0.00010076122473822,2.04709461691734e-05,0.00714280612281341,NaN,NaN,NaN,NaN,NaN,NaN,NaN,0.000711785603850928,0.0150292464797731
Side_Camera,CamTS_GH012644_A10.00V_f1.670Hz_x9.40m.csv,HIGH,130526,NaN,NaN,9.4,10,1.67,1.67409300184162,0.000211470358138406,2.61898096777866e-05,0.00571362799263352,0.000209675198648594,0.000962043970332918,0.000211470358138406,2.61898096777866e-05,1.45618256356417,NaN,NaN,0.000711785603850928,0.0150292464797731
Acoustic_Sensor,raw_data_HIGH_Sensor6_x9p4m_130526_a1p006_f1p67.csv,HIGH,130526,4,6,6.2,1.006,1.67,1.79284433682617,0.000119162788798331,8.45519515473737e-06,0.00714280612281341,NaN,NaN,NaN,NaN,NaN,0.00212157337812857,0.0561671776365538,0.000711785603850928,0.0150292464797731
Side_Camera,CamTS_130526_x9p4_f1p67_ak0p05_goproH6_A1.01V_f1.670Hz_x9.40m.csv,HIGH,130526,NaN,NaN,9.4,1.006,1.67,1.66824544784759,2.82241776119152e-05,1.49329917595534e-06,0.00526260393642774,2.08382584116991e-05,0.000888761487244313,2.82241776119152e-05,1.49329917595534e-06,2.23466621537483,0.00279050581087041,0.0101143590176261,0.000711785603850928,0.0150292464797731
Acoustic_Sensor,raw_data_HIGH_Sensor6_x9p4m_130526_a1p04_f1p25.csv,HIGH,130526,4,6,6.2,1.04,1.25,1.24999107149235,2.68028508733519e-05,7.14968475607527e-07,0.00714280612281341,NaN,NaN,NaN,NaN,NaN,0.00179104271390872,0.0149649423016038,0.000711785603850928,0.0150292464797731
Side_Camera,CamTS_130526_x9p4_f1p25_ak0p03_goproH6_A1.04V_f1.250Hz_x9.40m.csv,HIGH,130526,NaN,NaN,9.4,1.04,1.25,1.24723713293338,2.15905023428085e-05,1.29290410775963e-06,0.00526260393642774,1.66521278640784e-05,0.000905135524721712,2.15905023428085e-05,1.29290410775963e-06,2.63618226411641,0.0016846698675604,0.0128158654455392,0.000711785603850928,0.0150292464797731
Acoustic_Sensor,raw_data_HIGH_Sensor6_x9p4m_130526_a1p3_f1p67.csv,HIGH,130526,4,6,6.2,1.3,1.67,1.67141663273834,6.6079841846235e-05,5.94989487777156e-06,0.00714280612281341,NaN,NaN,NaN,NaN,NaN,0.0026102802365,0.0253152289636297,0.000711785603850928,0.0150292464797731
Side_Camera,CamTS_130526_x9p4_f1p67_ak0p06_goproH6_A1.30V_f1.670Hz_x9.40m.csv,HIGH,130526,NaN,NaN,9.4,1.3,1.67,1.67039171862134,0.000141722440668604,9.3934112781529e-07,0.00588166098106105,0.000141729523388287,0.000904028926714495,0.000141722440668604,9.3934112781529e-07,1.0945916428797,0.00344226298260326,0.0411712996319138,0.000711785603850928,0.0150292464797731
Acoustic_Sensor,raw_data_HIGH_Sensor6_x9p4m_130526_a1p55_f1p25.csv,HIGH,130526,4,6,6.2,1.55,1.25,1.27141948986079,7.92970532751893e-05,9.6026367155846e-06,0.00714280612281341,NaN,NaN,NaN,NaN,NaN,0.00270711168121983,0.0292921248226663,0.000711785603850928,0.0150292464797731
Side_Camera,CamTS_130526_x9p4_f1p25_ak0p04_goproH6_A1.55V_f1.250Hz_x9.40m.csv,HIGH,130526,NaN,NaN,9.4,1.55,1.25,1.24723713293338,3.38190274035433e-05,2.69717460278096e-06,0.00526260393642774,3.1248241554285e-05,0.000612416930008329,3.38190274035433e-05,2.69717460278096e-06,2.53473971176245,0.00291592382037932,0.0115980490186962,0.000711785603850928,0.0150292464797731
Acoustic_Sensor,raw_data_HIGH_Sensor6_x9p4m_130526_a1p59_f1p67.csv,HIGH,130526,4,6,6.2,1.59,1.67,1.66427382661552,0.000145628629427363,1.00527587933967e-05,0.00714280612281341,NaN,NaN,NaN,NaN,NaN,0.00362307158791317,0.040194797672006,0.000711785603850928,0.0150292464797731
Side_Camera,CamTS_130526_x9p4_f1p67_ak0p07_goproH6_A1.59V_f1.670Hz_x9.40m.csv,HIGH,130526,NaN,NaN,9.4,1.59,1.67,1.6258016045507,0.00160823086862987,1.99074399397791e-05,0.00645159366885198,0.00159742168955076,0.00093856180671559,0.00160823086862987,1.99074399397791e-05,1.04261010720366,0.00424812495004231,0.378574285724306,0.000711785603850928,0.0150292464797731
Acoustic_Sensor,raw_data_HIGH_Sensor6_x9p4m_130526_a1p69_f1.csv,HIGH,130526,4,6,6.2,1.69,1,0.999992857193877,9.85995576143854e-05,1.35250626617667e-05,0.00714280612281341,NaN,NaN,NaN,NaN,NaN,0.00401925993151169,0.0245317693541908,0.000711785603850928,0.0150292464797731
Side_Camera,CamTS_130526_x9p4_f1_ak0p03_goproH6_A1.69V_f1.000Hz_x9.40m.csv,HIGH,130526,NaN,NaN,9.4,1.69,1,0.999894747921271,5.22676597269578e-05,1.70578922729545e-06,0.00526260393642774,4.37299394956921e-05,0.00113976818468041,5.22676597269578e-05,1.70578922729545e-06,2.59058563114864,0.00367084430749836,0.0142385934538797,0.000711785603850928,0.0150292464797731
Acoustic_Sensor,raw_data_HIGH_Sensor6_x9p4m_130526_a1p89_f1p67.csv,HIGH,130526,4,6,6.2,1.89,1.67,1.67141663273834,0.000159835591430905,1.01299479087941e-05,0.00714280612281341,NaN,NaN,NaN,NaN,NaN,0.00407677973986053,0.0392063348108115,0.000711785603850928,0.0150292464797731
Side_Camera,CamTS_130526_x9p4_f1p67_ak0p08_goproH6_A1.89V_f1.670Hz_x9.40m.csv,HIGH,130526,NaN,NaN,9.4,1.89,1.67,1.66854143232096,0.00112993881128412,5.29482312950545e-06,0.00624921884764404,0.0011261650401148,0.000767710440088521,0.00112993881128412,5.29482312950545e-06,1.01206064466848,0.00474703820672911,0.238030275316173,0.000711785603850928,0.0150292464797731
Acoustic_Sensor,raw_data_HIGH_Sensor6_x9p4m_130526_a2p06_f1p25.csv,HIGH,130526,4,6,6.2,2.06,1.25,1.21427704087828,9.27994501958283e-05,1.18525273168356e-05,0.00714280612281341,NaN,NaN,NaN,NaN,NaN,0.00364091717218123,0.0254879322454439,0.000711785603850928,0.0150292464797731
Side_Camera,CamTS_130526_x9p4_f1p25_ak0p05_goproH6_A2.06V_f1.250Hz_x9.40m.csv,HIGH,130526,NaN,NaN,9.4,2.06,1.25,1.24984376952881,3.55194734901287e-05,3.93855865347772e-06,0.00624921884764404,3.45709896100221e-05,0.000518798112769408,3.55194734901287e-05,3.93855865347772e-06,3.17534942414172,0.00403076160334772,0.00881209979290967,0.000711785603850928,0.0150292464797731
Acoustic_Sensor,raw_data_HIGH_Sensor6_x9p4m_130526_a2p32_f0p83.csv,HIGH,130526,4,6,6.2,2.32,0.83,0.828565510246355,0.00022500588017525,6.34952835221567e-06,0.00714280612281341,NaN,NaN,NaN,NaN,NaN,0.0030479863715134,0.073821156904822,0.000711785603850928,0.0150292464797731
Side_Camera,CamTS_130526_x9p4_f0p83_ak0p03_goproH6_A2.32V_f0.830Hz_x9.40m.csv,HIGH,130526,NaN,NaN,9.4,2.32,0.83,0.831491421955584,7.17371947640399e-05,2.15948899829572e-06,0.00526260393642774,6.98357055683232e-05,0.000639097776644641,7.17371947640399e-05,2.15948899829572e-06,1.35022260672623,0.00311902184877099,0.0229999013287794,0.000711785603850928,0.0150292464797731
Acoustic_Sensor,raw_data_HIGH_Sensor6_x9p4m_130526_a2p42_f1.csv,HIGH,130526,4,6,6.2,2.42,1,0.999992857193877,6.841142429276e-05,8.99223162315823e-06,0.00714280612281341,NaN,NaN,NaN,NaN,NaN,0.00565775224451794,0.0120916260267577,0.000711785603850928,0.0150292464797731
Side_Camera,CamTS_130526_x9p4_f1_ak0p04_goproH6_A2.42V_f1.000Hz_x9.40m.csv,HIGH,130526,NaN,NaN,9.4,2.42,1,0.999857163262391,5.74757228688078e-05,3.59089342761241e-06,0.00714183688044565,5.49041532032191e-05,0.000533125120951523,5.74757228688078e-05,3.59089342761241e-06,1.53536156513773,0.00596770177987186,0.00963113188106426,0.000711785603850928,0.0150292464797731
Acoustic_Sensor,raw_data_HIGH_Sensor6_x9p4m_130526_a2p56_f1p25.csv,HIGH,130526,4,6,6.2,2.56,1.25,1.24999107149235,0.00019002066670858,1.33683970154383e-05,0.00714280612281341,NaN,NaN,NaN,NaN,NaN,0.00482917693678146,0.0393484581733351,0.000711785603850928,0.0150292464797731
Side_Camera,CamTS_130526_x9p4_f1p25_ak0p06_goproH6_A2.56V_f1.250Hz_x9.40m.csv,HIGH,130526,NaN,NaN,9.4,2.56,1.25,1.24249335924724,0.000640424300954287,1.10243841442916e-05,0.00833888160568614,0.00063775288560827,0.00057921308103786,0.000640424300954287,1.10243841442916e-05,1.01428155382945,0.00493671253919822,0.129726877121004,0.000711785603850928,0.0150292464797731
Acoustic_Sensor,raw_data_HIGH_Sensor6_x9p4m_130526_a2p93_f0p71.csv,HIGH,130526,4,6,6.2,2.93,0.71,0.707137806158527,0.000108811433216877,1.83031760572393e-05,0.00714280612281341,NaN,NaN,NaN,NaN,NaN,0.00399070943254532,0.0272661878936838,0.000711785603850928,0.0150292464797731
Side_Camera,CamTS_130526_x9p4_f0p71_ak0p03_goproH6_A2.93V_f0.710Hz_x9.40m.csv,HIGH,130526,NaN,NaN,9.4,2.93,0.71,0.711680978708387,5.11748645835011e-05,5.44388552538939e-06,0.00588166098106105,4.85759703769453e-05,0.000521200574133852,5.11748645835011e-05,5.44388552538939e-06,1.49653995215513,0.0036844149451523,0.0138895497237176,0.000711785603850928,0.0150292464797731
Acoustic_Sensor,raw_data_HIGH_Sensor6_x9p4m_130526_a3p07_f1p25.csv,HIGH,130526,4,6,6.2,3.07,1.25,1.24999107149235,0.000572868615063127,7.43522179309824e-06,0.00714280612281341,NaN,NaN,NaN,NaN,NaN,0.00579407630923493,0.0988714308353268,0.000711785603850928,0.0150292464797731
Side_Camera,CamTS_130526_x9p4_f1p25_ak0p07_goproH6_A3.07V_f1.250Hz_x9.40m.csv,HIGH,130526,NaN,NaN,9.4,3.07,1.25,1.25512689199954,0.00105881748926677,4.58700525364349e-05,0.0111073176283146,0.000988842436634521,0.00058414729866326,0.00105881748926677,4.58700525364349e-05,1.08809707746466,0.00599943738272284,0.176486130568834,0.000711785603850928,0.0150292464797731
Acoustic_Sensor,raw_data_HIGH_Sensor6_x9p4m_130526_a3p14_f1.csv,HIGH,130526,4,6,6.2,3.14,1,0.999992857193877,0.000124603018094847,1.37017692505059e-05,0.00714280612281341,NaN,NaN,NaN,NaN,NaN,0.00718917100032686,0.0173320426081368,0.000711785603850928,0.0150292464797731
Side_Camera,CamTS_130526_x9p4_f1_ak0p05_goproH6_A3.14V_f1.000Hz_x9.40m.csv,HIGH,130526,NaN,NaN,9.4,3.14,1,0.994631578947369,0.000158481514911525,5.57597851425963e-06,0.00526260094681147,0.000160308374956855,0.000719932477984003,0.000158481514911525,5.57597851425963e-06,1.39014202441299,0.00673952647706413,0.0235152299573074,0.000711785603850928,0.0150292464797731
Acoustic_Sensor,raw_data_HIGH_Sensor6_x9p4m_130526_a3p25_f0p83.csv,HIGH,130526,4,6,6.2,3.25,0.83,0.828565510246355,9.16035286349086e-05,1.55294272339967e-05,0.00714280612281341,NaN,NaN,NaN,NaN,NaN,0.00428213467012793,0.0213920242335984,0.000711785603850928,0.0150292464797731
Side_Camera,CamTS_130526_x9p4_f0p83_ak0p04_goproH6_A3.25V_f0.830Hz_x9.40m.csv,HIGH,130526,NaN,NaN,9.4,3.25,0.83,0.831491421955584,9.28788476983303e-05,3.00717111139971e-06,0.00526260393642774,9.39074842194088e-05,0.000495596411578335,9.28788476983303e-05,3.00717111139971e-06,1.16921516673206,0.00360195671947512,0.0257856645517564,0.000711785603850928,0.0150292464797731
Acoustic_Sensor,raw_data_HIGH_Sensor6_x9p4m_130526_a3p57_f1p25.csv,HIGH,130526,4,6,6.2,3.57,1.25,1.24999107149235,0.000822157466618364,1.03771881658511e-05,0.00714280612281341,NaN,NaN,NaN,NaN,NaN,0.00688258201351933,0.119454801265487,0.000711785603850928,0.0150292464797731
Side_Camera,CamTS_130526_x9p4_f1p25_ak0p08_goproH6_A3.57V_f1.250Hz_x9.40m.csv,HIGH,130526,NaN,NaN,9.4,3.57,1.25,1.26785650717675,0.00172157508670811,3.03170297148017e-05,0.008341161231426,0.00170524483160753,0.000609212259817263,0.00172157508670811,3.03170297148017e-05,1.10932312535603,0.00723782552936163,0.237858052770713,0.000711785603850928,0.0150292464797731
Acoustic_Sensor,raw_data_HIGH_Sensor6_x9p4m_130526_a3p86_f1.csv,HIGH,130526,4,6,6.2,3.86,1,0.999992857193877,0.000477708253550609,1.35026684447799e-05,0.00714280612281341,NaN,NaN,NaN,NaN,NaN,0.00882929686127193,0.0541049033752605,0.000711785603850928,0.0150292464797731
Side_Camera,CamTS_130526_x9p4_f1_ak0p06_goproH6_A3.86V_f1.000Hz_x9.40m.csv,HIGH,130526,NaN,NaN,9.4,3.86,1,0.999857163262391,0.00113440987196326,1.54192279007642e-05,0.00714183688044565,0.00112835086265254,0.000597817423420093,0.00113440987196326,1.54192279007642e-05,1.02060179765638,0.00678830582772729,0.167112369529623,0.000711785603850928,0.0150292464797731
Acoustic_Sensor,raw_data_HIGH_Sensor6_x9p4m_130526_a4p06_f0p71.csv,HIGH,130526,4,6,6.2,4.06,0.71,0.707137806158527,6.61289213014931e-05,1.13013598251865e-05,0.00714280612281341,NaN,NaN,NaN,NaN,NaN,0.00543566345176872,0.0121657497540572,0.000711785603850928,0.0150292464797731
Side_Camera,CamTS_130526_x9p4_f0p71_ak0p04_goproH6_A4.06V_f0.710Hz_x9.40m.csv,HIGH,130526,NaN,NaN,9.4,4.06,0.71,0.710451531417746,8.72481445571249e-05,2.40938939229792e-06,0.00526260393642774,8.4131212382888e-05,0.000623588192976681,8.72481445571249e-05,2.40938939229792e-06,1.48426622756112,0.00578838851291229,0.0150729593154465,0.000711785603850928,0.0150292464797731
Acoustic_Sensor,raw_data_HIGH_Sensor6_x9p4m_130526_a4p19_f0p83.csv,HIGH,130526,4,6,6.2,4.19,0.83,0.835708316369169,0.000134381386703872,1.1362947409661e-05,0.00714280612281341,NaN,NaN,NaN,NaN,NaN,0.00519948253824028,0.025845146265142,0.000711785603850928,0.0150292464797731
Side_Camera,CamTS_130526_x9p4_f0p83_ak0p05_goproH6_A4.19V_f0.830Hz_x9.40m.csv,HIGH,130526,NaN,NaN,9.4,4.19,0.83,0.833240751027664,0.000246670185991122,5.13199032464922e-06,0.00555493834018442,0.000246467142942713,0.000852696811952913,0.000246670185991122,5.13199032464922e-06,1.07886163714019,0.00441797478378186,0.0558333168619781,0.000711785603850928,0.0150292464797731
Acoustic_Sensor,raw_data_HIGH_Sensor6_x9p4m_130526_a4p58_f1.csv,HIGH,130526,4,6,6.2,4.58,1,0.999992857193877,0.00134013188982984,5.6794627932225e-06,0.00714280612281341,NaN,NaN,NaN,NaN,NaN,0.0103917600460287,0.128961011791451,0.000711785603850928,0.0150292464797731
Side_Camera,CamTS_130526_x9p4_f1_ak0p07_goproH6_A4.58V_f1.000Hz_x9.40m.csv,HIGH,130526,NaN,NaN,9.4,4.58,1,0.999885727345446,0.00277470808110255,1.91383117409361e-05,0.00571363272768826,0.00275907910591463,0.000703620434384943,0.00277470808110255,1.91383117409361e-05,1.03918592918926,0.00960705715377438,0.288819774535476,0.000711785603850928,0.0150292464797731
Acoustic_Sensor,raw_data_HIGH_Sensor6_x9p4m_130526_a5p11_f0p83.csv,HIGH,130526,4,6,6.2,5.11,0.83,0.828565510246355,0.000542881885890992,8.34103872925084e-06,0.00714280612281341,NaN,NaN,NaN,NaN,NaN,0.00668278522004074,0.0812358721724237,0.000711785603850928,0.0150292464797731
Side_Camera,CamTS_130526_x9p4_f0p83_ak0p06_goproH6_A5.11V_f0.830Hz_x9.40m.csv,HIGH,130526,NaN,NaN,9.4,5.11,0.83,0.828476745514798,0.00116818039630647,9.70083670609182e-06,0.00571363272768826,0.00116402090025387,0.000646773543577265,0.00116818039630647,9.70083670609182e-06,1.03670562313409,0.00547748689439618,0.213269409645069,0.000711785603850928,0.0150292464797731
Acoustic_Sensor,raw_data_HIGH_Sensor6_x9p4m_130526_a5p2_f0p71.csv,HIGH,130526,4,6,6.2,5.2,0.71,0.707137806158527,0.000402106761955442,1.30009870765453e-05,0.00714280612281341,NaN,NaN,NaN,NaN,NaN,0.00702732357353346,0.0572204706027584,0.000711785603850928,0.0150292464797731
Side_Camera,CamTS_130526_x9p4_f0p71_ak0p05_goproH6_A5.20V_f0.710Hz_x9.40m.csv,HIGH,130526,NaN,NaN,9.4,5.2,0.71,0.708962006907835,0.000611061192915763,1.21313385355534e-05,0.0090892564988184,0.00060859227433482,0.000762291552611033,0.000611061192915763,1.21313385355534e-05,1.02277282867238,0.00703032787257645,0.0869178797904092,0.000711785603850928,0.0150292464797731
Acoustic_Sensor,raw_data_HIGH_Sensor6_x9p4m_130526_a5p3_f1.csv,HIGH,130526,4,6,6.2,5.3,1,0.999992857193877,0.00195462138218243,1.9696399693156e-05,0.00714280612281341,NaN,NaN,NaN,NaN,NaN,0.0119619347213206,0.163403448331696,0.000711785603850928,0.0150292464797731
Side_Camera,CamTS_130526_x9p4_f1_ak0p08_goproH6_A5.30V_f1.000Hz_x9.40m.csv,HIGH,130526,NaN,NaN,9.4,5.3,1,0.988117703054568,0.00390925340958361,4.48138156646565e-05,0.00588165299437243,0.00386724413803667,0.000716672362940958,0.00390925340958361,4.48138156646565e-05,1.04059820657136,0.00953828660630396,0.409848599747457,0.000711785603850928,0.0150292464797731
Acoustic_Sensor,raw_data_HIGH_Sensor6_x9p4m_130526_a6p05_f0p83.csv,HIGH,130526,4,6,6.2,6.05,0.83,0.835708316369169,0.00096131235362443,6.24332505837306e-06,0.00714280612281341,NaN,NaN,NaN,NaN,NaN,0.00755219818020334,0.127289079376165,0.000711785603850928,0.0150292464797731
Side_Camera,CamTS_130526_x9p4_f0p83_ak0p07_goproH6_A6.05V_f0.830Hz_x9.40m.csv,HIGH,130526,NaN,NaN,9.4,6.05,0.83,0.831146106736658,0.00415429467908511,7.78014306399294e-06,0.00624921884764404,0.00415045286062325,0.000882600253471819,0.00415429467908511,7.78014306399294e-06,1.03582130202463,0.00649123148042998,0.639985600823147,0.000711785603850928,0.0150292464797731
Acoustic_Sensor,raw_data_HIGH_Sensor6_x9p4m_130526_a6p3_f0p71.csv,HIGH,130526,4,6,6.2,6.3,0.71,0.707137806158527,0.000641942685990069,6.44804698629085e-06,0.00714280612281341,NaN,NaN,NaN,NaN,NaN,0.00851354876301283,0.0754024794899858,0.000711785603850928,0.0150292464797731
Side_Camera,CamTS_130526_x9p4_f0p71_ak0p06_goproH6_A6.30V_f0.710Hz_x9.40m.csv,HIGH,130526,NaN,NaN,9.4,6.3,0.71,0.711680978708387,0.00121855120618586,6.90410931809904e-06,0.00588166098106105,0.00122732335929016,0.000628562439702445,0.00121855120618586,6.90410931809904e-06,1.02770132799822,0.00859337552843832,0.141801228417549,0.000711785603850928,0.0150292464797731
Acoustic_Sensor,raw_data_HIGH_Sensor6_x9p4m_130526_a6p98_f0p83.csv,HIGH,130526,4,6,6.2,6.98,0.83,0.828565510246355,0.00152051949705197,5.02247687891274e-06,0.00714280612281341,NaN,NaN,NaN,NaN,NaN,0.00907050386451247,0.167633410421759,0.000711785603850928,0.0150292464797731
Side_Camera,CamTS_130526_x9p4_f0p83_ak0p08_goproH6_A6.98V_f0.830Hz_x9.40m.csv,HIGH,130526,NaN,NaN,9.4,6.98,0.83,0.831146106736658,0.00471743113057902,1.20472989286572e-05,0.00624921884764404,0.00472593227178887,0.000914205204845971,0.00471743113057902,1.20472989286572e-05,1.04352469243475,0.00624755315577428,0.755084592792771,0.000711785603850928,0.0150292464797731
Acoustic_Sensor,raw_data_HIGH_Sensor6_x9p4m_130526_a7p46_f0p71.csv,HIGH,130526,4,6,6.2,7.46,0.71,0.714280612281341,0.000957186579228296,6.18712993263038e-06,0.00714280612281341,NaN,NaN,NaN,NaN,NaN,0.0131141227958564,0.0729889901237415,0.000711785603850928,0.0150292464797731
Side_Camera,CamTS_130526_x9p4_f0p71_ak0p07_goproH6_A7.46V_f0.710Hz_x9.40m.csv,HIGH,130526,NaN,NaN,9.4,7.46,0.71,0.712410948631421,0.00228300297136488,9.68279831452344e-06,0.00624921884764404,0.00228915184775356,0.000774149427110439,0.00228300297136488,9.68279831452344e-06,1.01802130489606,0.0128873332253554,0.177150922649625,0.000711785603850928,0.0150292464797731
Acoustic_Sensor,raw_data_HIGH_Sensor6_x9p4m_130526_a8p59_f0p71.csv,HIGH,130526,4,6,6.2,8.59,0.71,0.707137806158527,0.000551047514204631,1.30454318575557e-05,0.00714280612281341,NaN,NaN,NaN,NaN,NaN,0.0115244252130687,0.0478156180474618,0.000711785603850928,0.0150292464797731
Side_Camera,CamTS_130526_x9p4_f0p71_ak0p08_goproH6_A8.59V_f0.710Hz_x9.40m.csv,HIGH,130526,NaN,NaN,9.4,8.59,0.71,0.699905007463699,0.00114935382946771,1.66299202940743e-05,0.00666576197584476,0.00114911609702368,0.000873068899815474,0.00114935382946771,1.66299202940743e-05,1.05951714655733,0.0119006027471515,0.0965794635690041,0.000711785603850928,0.0150292464797731
